CRISPR Nucleases;Organism Isolated From;PAM Sequence (5’ to 3’)
SpCas9;*Streptococcus pyogenes*;NGG
SaCas9;*Staphylococcus aureus*;NGRRT or NGRRN
NmeCas9;*Neisseria meningitidis*;NNNNGATT
CjCas9;*Campylobacter jejuni*;NNNNRYAC
StCas9;*Streptococcus thermophilus*;NNAGAAW
LbCpf1 (Cas12a);*Lachnospiraceae bacterium*;TTTV
AsCpf1 (Cas12a);*Acidaminococcus* sp.;TTTV
AacCas12b;*Alicyclobacillus acidiphilus*;TTN
BhCas12b v4;*Bacillus hisashii*;ATTN, TTTN and GTTN
Cas14;Uncultivated archea;T-rich PAM sequences, e.g. TTTA for dsDNA cleavage, no PAM sequence requirement for ssDNA
Cas3;in silico analysis of various prokaryotic genomes;No PAM sequence requirement
