AT5G58350	AT5G58350_Amplicon01:gRNA01	CTCTCTTTGAGGCAGACACGAGG
AT5G58350	AT5G58350_Amplicon01:gRNA02	TCGAGGCACAGAGGTTCATCGGG
AT5G58350	AT5G58350_Amplicon02:gRNA01	AGGACCGAGATGTCCATCGCTGG
AT5G58350	AT5G58350_Amplicon02:gRNA02	TGAAATGGACACACTGAAGTTGG
AT3G48260	AT3G48260_Amplicon01:gRNA01	GTCACATTTAAAAGAGCGGCTGG
AT3G48260	AT3G48260_Amplicon01:gRNA02	TCTATGAATGCTCTCACTTGCGG
AT3G48260	AT3G48260_Amplicon02:gRNA01	TACATTCACACATCCCCGATTGG
AT3G48260	AT3G48260_Amplicon02:gRNA02	ATCACCGATAAGTCGAGAAGGGG
AT3G51630	AT3G51630_Amplicon01:gRNA01	GCCTGCAAAGGAGCTCTTAGCGG
AT3G51630	AT3G51630_Amplicon01:gRNA02	CATCAGTTGCGGCAAGGAATGGG
AT3G51630	AT3G51630_Amplicon02:gRNA01	GAGTCATTGGCCCTCCAGTTGGG
AT3G51630	AT3G51630_Amplicon02:gRNA02	TCTATCCGGCACGAAAGCTTTGG
AT3G04910	AT3G04910_Amplicon01:gRNA01	CGTTAACGGGAATCAAGGAGAGG
AT3G04910	AT3G04910_Amplicon01:gRNA02	ATGATCCTCCTGTGATCCACAGG
AT3G04910	AT3G04910_Amplicon02:gRNA01	GATCACGATCAGAGAAACCGAGG
AT3G04910	AT3G04910_Amplicon02:gRNA02	GGTGCGGTGAGACTCATGGTCGG
AT3G18750	AT3G18750_Amplicon01:gRNA01	CGCTAAAAGTAACAATAGGCAGG
AT3G18750	AT3G18750_Amplicon01:gRNA02	TTCAGGATCCAGGTGTATTGAGG
AT3G18750	AT3G18750_Amplicon02:gRNA01	TTGTCAACATGATACCCACCTGG
AT3G18750	AT3G18750_Amplicon02:gRNA02	GAGATGATCGACTGTGACATCGG
AT5G55560	AT5G55560_Amplicon01:gRNA01	GCACAGACACGTCTCTATGAGGG
AT5G55560	AT5G55560_Amplicon01:gRNA02	CCGGTACTCTCTCAGGTTTCCGG
AT5G55560	AT5G55560_Amplicon02:gRNA01	CCATGAACTCTGGTGTCCCGAGG
AT5G55560	AT5G55560_Amplicon02:gRNA02	TAGTTCTCCTCGTACAGCTCAGG
AT1G64630	AT1G64630_Amplicon01:gRNA01	GACCAACTCCTTGCAGTAGATGG
AT1G64630	AT1G64630_Amplicon01:gRNA02	AGCAGTAAGAGTGGAGTCCTTGG
AT1G64630	AT1G64630_Amplicon02:gRNA01	AGCAACCCTCTGGACTTCCATGG
AT1G64630	AT1G64630_Amplicon02:gRNA02	TCTGGAGCAATGCGCATTCTTGG
AT3G22420	AT3G22420_Amplicon01:gRNA01	TGAAGTACCAACGCAACGAACGG
AT3G22420	AT3G22420_Amplicon01:gRNA02	ATAAAGTTCCAATGATGTGAAGG
AT3G22420	AT3G22420_Amplicon02:gRNA01	TGATACTGCATGGAGTGTAGCGG
AT3G22420	AT3G22420_Amplicon02:gRNA02	CATTTACTTCCCGTTTGAGACGG
AT5G28080	AT5G28080_Amplicon01:gRNA01	TAGTAACCGTTTGAGTAGTGAGG
AT5G28080	AT5G28080_Amplicon01:gRNA02	ATATGATAAGAATGTCTAAGAGG
AT5G28080	AT5G28080_Amplicon02:gRNA01	GTGTAGATATAAGCATTAAAGGG
AT5G28080	AT5G28080_Amplicon02:gRNA02	AAGAGAAGAGACAATGGAGATGG
AT5G41990	AT5G41990_Amplicon01:gRNA01	AATAAAGAGTTCAGGTTGAGAGG
AT5G41990	AT5G41990_Amplicon01:gRNA02	CCCAAACCATTGAACTTCAGAGG
AT5G41990	AT5G41990_Amplicon02:gRNA01	CAGCTATCACAACGACCTCTTGG
AT5G41990	AT5G41990_Amplicon02:gRNA02	TAATGCAACTTCTCTCTGACCGG
AT1G49160	AT1G49160_Amplicon01:gRNA01	TATGAAGGCTGTCAAGTGTTGGG
AT1G49160	AT1G49160_Amplicon01:gRNA02	GTACCGTAAGAAACATAGAAAGG
AT1G49160	AT1G49160_Amplicon02:gRNA01	ATGCCGAAAGAAGGATCATTCGG
AT1G49160	AT1G49160_Amplicon02:gRNA02	ACAATGTCGGGAAGCGGTAATGG
