AT5G58350	AT5G58350_Amplicon01_fwd	AGGGAAAGCTACCAGGAGC
AT5G58350	AT5G58350_Amplicon01_rev	ACCATCCAGGACTCATCGG
AT5G58350	AT5G58350_Amplicon02_fwd	CGGTGCTGGGAATCCAAAG
AT5G58350	AT5G58350_Amplicon02_rev	CGATTTGTACTTCCAGATCGATTTT
AT3G48260	AT3G48260_Amplicon01_fwd	CCATATTGTCGATCCATTTTTCTCA
AT3G48260	AT3G48260_Amplicon01_rev	CTGACAAGCGTTGCGAGA
AT3G48260	AT3G48260_Amplicon02_fwd	CGATGATCAAGACATCTCAACG
AT3G48260	AT3G48260_Amplicon02_rev	TGGAGCGTCTCTGGAGAAG
AT3G51630	AT3G51630_Amplicon01_fwd	GGAGGCCCAACGTTTTGTT
AT3G51630	AT3G51630_Amplicon01_rev	TGGATTGCCAATTGTTGCG
AT3G51630	AT3G51630_Amplicon02_fwd	TCCTTTGGAGATCGCTGCA
AT3G51630	AT3G51630_Amplicon02_rev	CTTCCCTCTGTGTCGCCAT
AT3G04910	AT3G04910_Amplicon01_fwd	TGCAGACAAATCTTGAGAGGC
AT3G04910	AT3G04910_Amplicon01_rev	TTCTTAAAATAGCAGCAAGGC
AT3G04910	AT3G04910_Amplicon02_fwd	CAATCCTGGGGCAAATGTG
AT3G04910	AT3G04910_Amplicon02_rev	GCTTTCTTGCTGTTGCTGC
AT3G18750	AT3G18750_Amplicon01_fwd	GGCCTAGTAAAACCTTGTCG
AT3G18750	AT3G18750_Amplicon01_rev	CCTTGAGGACAAAGAAATTCC
AT3G18750	AT3G18750_Amplicon02_fwd	GTCACGTTTATAGCCGAGC
AT3G18750	AT3G18750_Amplicon02_rev	TGTTTCTGTGGCTTTGCTTC
AT5G55560	AT5G55560_Amplicon01_fwd	CGAGAGAAACAACACCTTGAAC
AT5G55560	AT5G55560_Amplicon01_rev	GAGATAATCCAAGCCCTTGAG
AT5G55560	AT5G55560_Amplicon02_fwd	GCTGCAATTGTGGGGAAGA
AT5G55560	AT5G55560_Amplicon02_rev	CACAAGCTCCAAAACGCAC
AT1G64630	AT1G64630_Amplicon01_fwd	GTGTCTTCTCCCAGCTCCT
AT1G64630	AT1G64630_Amplicon01_rev	GGTGGCATTGCAGGTTTGA
AT1G64630	AT1G64630_Amplicon02_fwd	ATACAAGTGTTTCCATCTGCTCT
AT1G64630	AT1G64630_Amplicon02_rev	TCTCCTCTCTCCACTCAGC
AT3G22420	AT3G22420_Amplicon01_fwd	ATCGGTGACCTTGGACTCG
AT3G22420	AT3G22420_Amplicon01_rev	CACATAAACATAGTAAAGGTAGGTCC
AT3G22420	AT3G22420_Amplicon02_fwd	GTAACACGCTTTCGAGTTT
AT3G22420	AT3G22420_Amplicon02_rev	CGATTTTCGCAACATCTTGATTC
AT5G28080	AT5G28080_Amplicon01_fwd	GAATCGGATATGAGACGCGT
AT5G28080	AT5G28080_Amplicon01_rev	TCTCCATTGTAATCCCATTGG
AT5G28080	AT5G28080_Amplicon02_fwd	GATCTCTTGGAGTTTCAAAATGATG
AT5G28080	AT5G28080_Amplicon02_rev	ACAACCTTCCTTGTTGACGG
AT5G41990	AT5G41990_Amplicon01_fwd	GAGAATAAAAGTGTTTCAAGCAACG
AT5G41990	AT5G41990_Amplicon01_rev	GGTCAGCAATACGGAGAACCAT
AT5G41990	AT5G41990_Amplicon02_fwd	GCTGAGGAAATGGTTGAGG
AT5G41990	AT5G41990_Amplicon02_rev	CCTCATGGGTTAGACGTGGA
AT1G49160	AT1G49160_Amplicon01_fwd	GGAGTTGTGTTTAAAGCAGCG
AT1G49160	AT1G49160_Amplicon01_rev	TCGGCGGATCTTGACTATG
AT1G49160	AT1G49160_Amplicon02_fwd	GATTCTTTTCTCAATGTGAACGGT
AT1G49160	AT1G49160_Amplicon02_rev	TGACATCGTTCTATTCCGAGC
