contig,start,stop,target,context,overflow,orientation,Doench2014OnTarget,DoenchCFD_maxOT,DoenchCFD_specificityscore,Hsu2013,otCount
AT3G22420,0,23,TTACTAAACCGGTTTTGTTCCGG,NONE,OK,RVS,NA,0.4750337382537112,0.2650838869375759,9.528.446.540.584.890,19
AT5G41990,0,23,ATGATGATGAAATCAATGAAAGG,NONE,OK,RVS,NA,0.3535714284892857,0.20242156026472147,9.393.208.757.483.550,40
AT5G58350,9,32,AATTGTTTTGTTTTTGTTGGCGG,GTTGAAAATTGTTTTGTTTTTGTTGGCGGCCAGTT,OK,RVS,0.10016007087579634,0.6500000002499999,0.051030487720633504,7.596.095.569.737.420,137
AT3G48260,10,33,CGACCCACACCTTTGCCACGTGG,AAGCAACGACCCACACCTTTGCCACGTGGTCTTGT,OK,FWD,0.6873256423101545,0.0,1.0,100.0,1
AT3G22420,11,34,CATGCGTCGGTTTACTAAACCGG,CAACACCATGCGTCGGTTTACTAAACCGGTTTTGT,OK,RVS,0.1912165422108699,0.4326923076140734,0.5711470610715759,996.960.519.344.634,9
AT5G58350,12,35,GAAAATTGTTTTGTTTTTGTTGG,ACCGTTGAAAATTGTTTTGTTTTTGTTGGCGGCCA,OK,RVS,0.012535624621428638,0.807692307625,0.03952364449929724,6.483.151.877.417.350,176
AT1G49160,12,35,ATAGTTTGGAGAGATAAATCAGG,ATATAAATAGTTTGGAGAGATAAATCAGGTGGAAC,OK,FWD,0.03994653264470359,0.5090497736114252,0.43245399487926967,9.716.930.139.370.150,15
AT3G22420,12,35,CGGTTTAGTAAACCGACGCATGG,CAAAACCGGTTTAGTAAACCGACGCATGGTGTTGG,OK,FWD,0.42843723377477166,0.028758169734640522,0.9720457435180724,9.998.281.191.993.750,2
AT3G04910,12,35,GAAGTATGTAAAAAGGTTTAAGG,TATTTAGAAGTATGTAAAAAGGTTTAAGGAACAAA,OK,FWD,0.021268209504280614,0.35117056868478264,0.28100326272596843,9.327.845.772.956.530,17
AT3G48260,13,36,AGACCACGTGGCAAAGGTGTGGG,TGGACAAGACCACGTGGCAAAGGTGTGGGTCGTTG,OK,RVS,0.5737596036901703,0.08484848503636364,0.8950019370545259,9.990.337.925.076.550,3
AT3G48260,14,37,AAGACCACGTGGCAAAGGTGTGG,CTGGACAAGACCACGTGGCAAAGGTGTGGGTCGTT,OK,RVS,0.07355588977432755,0.17982017953796203,0.7724169389198978,9.941.400.784.077.560,4