AT1G49160,AT1G49160_Amplicon001:gRNA01,TGCTTGAAATAACAATAGGAAGG
AT1G49160,AT1G49160_Amplicon001:gRNA02,GTTATTTCAAGCAACAATTCAGG
AT1G49160,AT1G49160_Amplicon002:gRNA01,TTCTAATGTATCTAGTGAGATGG
AT1G49160,AT1G49160_Amplicon002:gRNA02,GGTTGAACAGCTTGAATTGACGG
AT1G49160,AT1G49160_Amplicon003:gRNA01,TATGAAGGCTGTCAAGTGTTGGG
AT1G49160,AT1G49160_Amplicon003:gRNA02,GTACCGTAAGAAACATAGAAAGG
AT1G49160,AT1G49160_Amplicon004:gRNA01,TATGAAGGCTGTCAAGTGTTGGG
AT1G49160,AT1G49160_Amplicon004:gRNA02,ACATAGAAAGGTGAATATGAAGG
AT1G49160,AT1G49160_Amplicon005:gRNA01,TCTTGGTTTAGCTACTGTCATGG
AT1G49160,AT1G49160_Amplicon005:gRNA02,GAAGTGAAAATAGGAGATCTTGG
AT1G49160,AT1G49160_Amplicon006:gRNA01,GTACCGTAAGAAACATAGAAAGG
AT1G49160,AT1G49160_Amplicon007:gRNA01,AATCAGCCAAAAATTGCGTTTGG
AT1G49160,AT1G49160_Amplicon008:gRNA01,CTTCGTATAGTCGATGAAAATGG
AT1G49160,AT1G49160_Amplicon009:gRNA01,TATGAAGGCTGTCAAGTGTTGGG
AT1G49160,AT1G49160_Amplicon010:gRNA01,ATCAAAGGTTAAAGATCCAGAGG
AT1G49160,AT1G49160_Amplicon010:gRNA02,CAAACCAGCTTCACTATCAAAGG
AT1G49160,AT1G49160_Amplicon011:gRNA01,ATGCCGAAAGAAGGATCATTCGG
AT1G49160,AT1G49160_Amplicon011:gRNA02,ACAATGTCGGGAAGCGGTAATGG
AT1G49160,AT1G49160_Amplicon012:gRNA01,TCTTGGTTTAGCTACTGTCATGG
AT1G49160,AT1G49160_Amplicon012:gRNA02,GAAGTGAAAATAGGAGATCTTGG
AT1G49160,AT1G49160_Amplicon013:gRNA01,TTCTTTCGGCATTACAATGTCGG
AT1G49160,AT1G49160_Amplicon013:gRNA02,TCACCGAATGATCCTTCTTTCGG
AT1G49160,AT1G49160_Amplicon014:gRNA01,CATCATTCTCTTCACCTTTAAGG
AT1G49160,AT1G49160_Amplicon015:gRNA01,AATCAGCCAAAAATTGCGTTTGG
AT1G49160,AT1G49160_Amplicon016:gRNA01,GAGTTTCTACACTCACAATAAGG
AT1G49160,AT1G49160_Amplicon017:gRNA01,TTCTTTCGGCATTACAATGTCGG
AT1G49160,AT1G49160_Amplicon017:gRNA02,TCACCGAATGATCCTTCTTTCGG
AT1G64630,AT1G64630_Amplicon001:gRNA01,AGTACCGAATTCAAGCTGAGTGG
AT1G64630,AT1G64630_Amplicon001:gRNA02,TGGAGAGAGGAGAGATGATGTGG
AT1G64630,AT1G64630_Amplicon002:gRNA01,TCAACTTTGCTGAGAGATTGAGG
AT1G64630,AT1G64630_Amplicon003:gRNA01,GACCAACTCCTTGCAGTAGATGG
AT1G64630,AT1G64630_Amplicon003:gRNA02,AGCAGTAAGAGTGGAGTCCTTGG
AT1G64630,AT1G64630_Amplicon004:gRNA01,TGGGCAAGGCAGATTCTTAAAGG
AT1G64630,AT1G64630_Amplicon005:gRNA01,TTCTTATATTCAACATCCATAGG
AT1G64630,AT1G64630_Amplicon006:gRNA01,TCAACTTTGCTGAGAGATTGAGG
AT1G64630,AT1G64630_Amplicon007:gRNA01,CAGCTATCACAGTAACCTCATGG
AT1G64630,AT1G64630_Amplicon008:gRNA01,CCTTGGCGCCATCTACTGCAAGG
AT1G64630,AT1G64630_Amplicon008:gRNA02,GTTTGATGAAGCAGTAAGAGTGG
AT1G64630,AT1G64630_Amplicon009:gRNA01,CGGTACTTTCAGCAACCCTCTGG
AT1G64630,AT1G64630_Amplicon009:gRNA02,AATTCAAGCTGAGTGGAGAGAGG
AT1G64630,AT1G64630_Amplicon010:gRNA01,ACAGTGTGAATATCGTCCTATGG
AT1G64630,AT1G64630_Amplicon010:gRNA02,TCACACTGTGGTGGCATTGCAGG
AT1G64630,AT1G64630_Amplicon011:gRNA01,ATGCGCATTGCTCCAGACCATGG
AT1G64630,AT1G64630_Amplicon011:gRNA02,CGGTACTTTCAGCAACCCTCTGG
AT1G64630,AT1G64630_Amplicon012:gRNA01,TCACACTGTGGTGGCATTGCAGG
AT1G64630,AT1G64630_Amplicon012:gRNA02,TTCTTATATTCAACATCCATAGG
AT1G64630,AT1G64630_Amplicon013:gRNA01,AGTACCGAATTCAAGCTGAGTGG
AT1G64630,AT1G64630_Amplicon013:gRNA02,CGGTACTTTCAGCAACCCTCTGG
AT1G64630,AT1G64630_Amplicon014:gRNA01,TCACACTGTGGTGGCATTGCAGG
AT1G64630,AT1G64630_Amplicon014:gRNA02,TTCTTATATTCAACATCCATAGG
AT1G64630,AT1G64630_Amplicon015:gRNA01,ACAGTGTGAATATCGTCCTATGG
AT1G64630,AT1G64630_Amplicon015:gRNA02,TCACACTGTGGTGGCATTGCAGG
AT1G64630,AT1G64630_Amplicon016:gRNA01,AGTACCGAATTCAAGCTGAGTGG
AT1G64630,AT1G64630_Amplicon016:gRNA02,TGGAGAGAGGAGAGATGATGTGG
AT1G64630,AT1G64630_Amplicon017:gRNA01,TTCTTATATTCAACATCCATAGG
AT1G64630,AT1G64630_Amplicon018:gRNA01,CCAGACCATGGAAGTCCAGAGGG
AT1G64630,AT1G64630_Amplicon018:gRNA02,CGGTACTTTCAGCAACCCTCTGG
AT1G64630,AT1G64630_Amplicon019:gRNA01,TGGCAGCATCAATGGCTCTGCGG
AT1G64630,AT1G64630_Amplicon019:gRNA02,TGGAGAGAGGAGAGATGATGTGG
AT1G64630,AT1G64630_Amplicon020:gRNA01,CAGCTATCACAGTAACCTCATGG
AT1G64630,AT1G64630_Amplicon020:gRNA02,TGAACTGATAATGAAGCTGAAGG
AT1G64630,AT1G64630_Amplicon021:gRNA01,AGCAACCCTCTGGACTTCCATGG
AT1G64630,AT1G64630_Amplicon021:gRNA02,TCTGGAGCAATGCGCATTCTTGG
AT1G64630,AT1G64630_Amplicon022:gRNA01,AGCAGTAAGAGTGGAGTCCTTGG
AT1G64630,AT1G64630_Amplicon022:gRNA02,GTTTGATGAAGCAGTAAGAGTGG
AT1G64630,AT1G64630_Amplicon023:gRNA01,AGATGATGTGGCAGCATCAATGG
AT1G64630,AT1G64630_Amplicon023:gRNA02,TGGAGAGAGGAGAGATGATGTGG
AT1G64630,AT1G64630_Amplicon024:gRNA01,TCAATGGCTCTGCGGATCGCGGG
AT1G64630,AT1G64630_Amplicon024:gRNA02,AGATGATGTGGCAGCATCAATGG
AT1G64630,AT1G64630_Amplicon025:gRNA01,TCTGGAGCAATGCGCATTCTTGG
AT1G64630,AT1G64630_Amplicon026:gRNA01,GCTTGATCTGTCAAGCCATGAGG
AT1G64630,AT1G64630_Amplicon026:gRNA02,CAGCTATCACAGTAACCTCATGG
AT1G64630,AT1G64630_Amplicon027:gRNA01,TTCTTATATTCAACATCCATAGG
AT1G64630,AT1G64630_Amplicon028:gRNA01,TGAACTGATAATGAAGCTGAAGG
AT1G64630,AT1G64630_Amplicon029:gRNA01,AAGAGCAGTTACAGGGGAGATGG
AT1G64630,AT1G64630_Amplicon029:gRNA02,GACACAGCAAGAGCAGTTACAGG
AT1G64630,AT1G64630_Amplicon030:gRNA01,ATACACTGTTTGCATTAGGCAGG
AT1G64630,AT1G64630_Amplicon031:gRNA01,GACACAGCAAGAGCAGTTACAGG
AT1G64630,AT1G64630_Amplicon032:gRNA01,GCTTGATCTGTCAAGCCATGAGG
AT1G64630,AT1G64630_Amplicon032:gRNA02,AAGAGCAGTTACAGGGGAGATGG
AT1G64630,AT1G64630_Amplicon033:gRNA01,AATACCGGAAAGGTCAAAATTGG
AT3G04910,AT3G04910_Amplicon001:gRNA01,CGTATCAAACCGCACCTCAATGG
AT3G04910,AT3G04910_Amplicon002:gRNA01,CCATCGTCTATACGGAGAAAAGG
AT3G04910,AT3G04910_Amplicon002:gRNA02,CAAACTCACCATCGTCTATACGG
AT3G04910,AT3G04910_Amplicon003:gRNA01,AAAATAGCCAACATGATTGACGG
AT3G04910,AT3G04910_Amplicon003:gRNA02,TATCTTCTCTTGTACCTAGTTGG
AT3G04910,AT3G04910_Amplicon004:gRNA01,AGTCATCACGAGTATCAGAATGG
AT3G04910,AT3G04910_Amplicon005:gRNA01,CAAGAAGAAGAAAAGAAATCTGG
AT3G04910,AT3G04910_Amplicon006:gRNA01,GACGGGTAATTGTAGTAGTCAGG
AT3G04910,AT3G04910_Amplicon006:gRNA02,TAGTAGTCAGGAAGATGGTGCGG
AT3G04910,AT3G04910_Amplicon007:gRNA01,TCACCGAGCCCATTGAGGTGCGG
AT3G04910,AT3G04910_Amplicon007:gRNA02,CGTATCAAACCGCACCTCAATGG
AT3G04910,AT3G04910_Amplicon008:gRNA01,GATCACGATCAGAGAAACCGAGG
AT3G04910,AT3G04910_Amplicon008:gRNA02,GGTGCGGTGAGACTCATGGTCGG
AT3G04910,AT3G04910_Amplicon009:gRNA01,CCATAACCATTCCGAAGAAGAGG
AT3G04910,AT3G04910_Amplicon010:gRNA01,CCATCGTCTATACGGAGAAAAGG
AT3G04910,AT3G04910_Amplicon010:gRNA02,TGATTTAAGATCAGTTGATATGG
AT3G04910,AT3G04910_Amplicon011:gRNA01,CATTGTATCACATTTGCCCCAGG
AT3G04910,AT3G04910_Amplicon011:gRNA02,ATCCATCACCGAGCCCATTGAGG
AT3G04910,AT3G04910_Amplicon012:gRNA01,AATCTATCGAGCTTAGCTCGCGG
AT3G04910,AT3G04910_Amplicon013:gRNA01,GTGTCCGTCTCAATGTCAAATGG
AT3G04910,AT3G04910_Amplicon013:gRNA02,CGTTGCAACAGAGATGGTAGCGG
AT3G04910,AT3G04910_Amplicon014:gRNA01,GGTGCGGTGAGACTCATGGTCGG
AT3G04910,AT3G04910_Amplicon014:gRNA02,CATTGTATCACATTTGCCCCAGG
AT3G04910,AT3G04910_Amplicon015:gRNA01,GGTGCGGTGAGACTCATGGTCGG
AT3G04910,AT3G04910_Amplicon015:gRNA02,GTGATACAATGTTGCAGAAACGG
AT3G04910,AT3G04910_Amplicon016:gRNA01,GTGTCCGTCTCAATGTCAAATGG
AT3G04910,AT3G04910_Amplicon016:gRNA02,ATTGAGCGTTGCAACAGAGATGG
AT3G04910,AT3G04910_Amplicon017:gRNA01,CATTCTTCGAATTCAGGTCCCGG
AT3G04910,AT3G04910_Amplicon017:gRNA02,TATCTTCTCTTGTACCTAGTTGG
AT3G04910,AT3G04910_Amplicon018:gRNA01,TAGCTCTCTAAGACGAACCTCGG
AT3G04910,AT3G04910_Amplicon019:gRNA01,ATGTCTTGCGGCTGCGGCGGCGG
AT3G04910,AT3G04910_Amplicon020:gRNA01,CGAAGAATGTCTTGCGGCTGCGG
AT3G04910,AT3G04910_Amplicon020:gRNA02,CATTCTTCGAATTCAGGTCCCGG
AT3G04910,AT3G04910_Amplicon021:gRNA01,AATGTTGACATAACCATCAAAGG
AT3G04910,AT3G04910_Amplicon021:gRNA02,CAAGAAGAAGAAAAGAAATCTGG
AT3G04910,AT3G04910_Amplicon022:gRNA01,AAAATAGCCAACATGATTGACGG
AT3G04910,AT3G04910_Amplicon022:gRNA02,GAACTGGATATGGACGATCATGG
AT3G04910,AT3G04910_Amplicon023:gRNA01,CCATAACCATTCCGAAGAAGAGG
AT3G04910,AT3G04910_Amplicon023:gRNA02,AATCTATCGAGCTTAGCTCGCGG
AT3G04910,AT3G04910_Amplicon024:gRNA01,TATCTCACCGTCAATCATGTTGG
AT3G04910,AT3G04910_Amplicon024:gRNA02,TATCTTCTCTTGTACCTAGTTGG
AT3G04910,AT3G04910_Amplicon025:gRNA01,AAAATAGCCAACATGATTGACGG
AT3G04910,AT3G04910_Amplicon025:gRNA02,TATCTCACCGTCAATCATGTTGG
AT3G04910,AT3G04910_Amplicon026:gRNA01,AATCTATCGAGCTTAGCTCGCGG
AT3G04910,AT3G04910_Amplicon027:gRNA01,GATCACGATCAGAGAAACCGAGG
AT3G04910,AT3G04910_Amplicon027:gRNA02,AGGTTCGTCTTAGAGAGCTATGG
AT3G04910,AT3G04910_Amplicon028:gRNA01,GGTGCGGTGAGACTCATGGTCGG
AT3G04910,AT3G04910_Amplicon029:gRNA01,ACATAACCATCAAAGGGAAGAGG
AT3G04910,AT3G04910_Amplicon029:gRNA02,CAAGAAGAAGAAAAGAAATCTGG
AT3G04910,AT3G04910_Amplicon030:gRNA01,CCATCGTCTATACGGAGAAAAGG
AT3G04910,AT3G04910_Amplicon030:gRNA02,TGATTTAAGATCAGTTGATATGG
AT3G04910,AT3G04910_Amplicon031:gRNA01,AGTCATCACGAGTATCAGAATGG
AT3G04910,AT3G04910_Amplicon032:gRNA01,CAAGAAGAAGAAAAGAAATCTGG
AT3G04910,AT3G04910_Amplicon033:gRNA01,TCAATGAAACATTTAACCTCGGG
AT3G04910,AT3G04910_Amplicon033:gRNA02,AGAGACTCTAAGCGATACGGTGG
AT3G04910,AT3G04910_Amplicon034:gRNA01,CGTTAACGGGAATCAAGGAGAGG
AT3G04910,AT3G04910_Amplicon034:gRNA02,TGTCACATTTGAGATCCCTGTGG
AT3G04910,AT3G04910_Amplicon035:gRNA01,CCATCGTCTATACGGAGAAAAGG
AT3G04910,AT3G04910_Amplicon035:gRNA02,AGCAGAGACTCTAAGCGATACGG
AT3G04910,AT3G04910_Amplicon036:gRNA01,AAAATAGCCAACATGATTGACGG
AT3G04910,AT3G04910_Amplicon037:gRNA01,GATCACGATCAGAGAAACCGAGG
AT3G04910,AT3G04910_Amplicon037:gRNA02,AGGTTCGTCTTAGAGAGCTATGG
AT3G04910,AT3G04910_Amplicon038:gRNA01,GATCACGATCAGAGAAACCGAGG
AT3G04910,AT3G04910_Amplicon039:gRNA01,GTGTCCGTCTCAATGTCAAATGG
AT3G04910,AT3G04910_Amplicon040:gRNA01,TCACCGAGCCCATTGAGGTGCGG
AT3G04910,AT3G04910_Amplicon040:gRNA02,CGTATCAAACCGCACCTCAATGG
AT3G04910,AT3G04910_Amplicon041:gRNA01,GTACAAGGTGAAAGACCCCGAGG
AT3G04910,AT3G04910_Amplicon041:gRNA02,TTCACCTTGTACAATGCATCCGG
AT3G04910,AT3G04910_Amplicon042:gRNA01,ACATAACCATCAAAGGGAAGAGG
AT3G04910,AT3G04910_Amplicon042:gRNA02,AATGTTGACATAACCATCAAAGG
AT3G04910,AT3G04910_Amplicon043:gRNA01,GGTGCGGTGAGACTCATGGTCGG
AT3G04910,AT3G04910_Amplicon043:gRNA02,GTGATACAATGTTGCAGAAACGG
AT3G04910,AT3G04910_Amplicon044:gRNA01,AAAATAGCCAACATGATTGACGG
AT3G04910,AT3G04910_Amplicon044:gRNA02,TATCTCACCGTCAATCATGTTGG
AT3G04910,AT3G04910_Amplicon045:gRNA01,GACGGGTAATTGTAGTAGTCAGG
AT3G04910,AT3G04910_Amplicon045:gRNA02,TAGTAGTCAGGAAGATGGTGCGG
AT3G04910,AT3G04910_Amplicon046:gRNA01,TTGCCCCAGGATTGGTTCTCAGG
AT3G04910,AT3G04910_Amplicon046:gRNA02,CAATGTTGCAGAAACGGGTGCGG
AT3G04910,AT3G04910_Amplicon047:gRNA01,CTTCCCATTTGACATTGAGACGG
AT3G04910,AT3G04910_Amplicon047:gRNA02,CAAATGGGAAGTAAATGTTTCGG
AT3G04910,AT3G04910_Amplicon048:gRNA01,CGTTAACGGGAATCAAGGAGAGG
AT3G04910,AT3G04910_Amplicon048:gRNA02,ATGATCCTCCTGTGATCCACAGG
AT3G04910,AT3G04910_Amplicon049:gRNA01,CTCTGTTGCAACGCTCAATGCGG
AT3G04910,AT3G04910_Amplicon049:gRNA02,GATGGTAGCGGAACTGGATATGG
AT3G04910,AT3G04910_Amplicon050:gRNA01,AATCTATCGAGCTTAGCTCGCGG
AT3G04910,AT3G04910_Amplicon051:gRNA01,GTACAAGGTGAAAGACCCCGAGG
AT3G04910,AT3G04910_Amplicon051:gRNA02,GAAACCGGATGCATTGTACAAGG
AT3G04910,AT3G04910_Amplicon052:gRNA01,AGAGACTCTAAGCGATACGGTGG
AT3G04910,AT3G04910_Amplicon052:gRNA02,ATGTTTCATTGAGAAATGCTTGG
AT3G04910,AT3G04910_Amplicon053:gRNA01,GTGTCCGTCTCAATGTCAAATGG
AT3G04910,AT3G04910_Amplicon053:gRNA02,CAAATGGGAAGTAAATGTTTCGG
AT3G04910,AT3G04910_Amplicon054:gRNA01,CCATAACCATTCCGAAGAAGAGG
AT3G04910,AT3G04910_Amplicon055:gRNA01,ATTCGGTCGGGCCACTCTATAGG
AT3G04910,AT3G04910_Amplicon055:gRNA02,ATCAGTTGATATGGAAGATTCGG
AT3G04910,AT3G04910_Amplicon056:gRNA01,ACATAACCATCAAAGGGAAGAGG
AT3G04910,AT3G04910_Amplicon056:gRNA02,GGGAAGAGGAGAGATGATGGTGG
AT3G04910,AT3G04910_Amplicon057:gRNA01,AGAGACTCTAAGCGATACGGTGG
AT3G04910,AT3G04910_Amplicon058:gRNA01,CAAATGGGAAGTAAATGTTTCGG
AT3G18750,AT3G18750_Amplicon001:gRNA01,CGCTAAAAGTAACAATAGGCAGG
AT3G18750,AT3G18750_Amplicon002:gRNA01,CATTTCCTGTTCTATCAAGAAGG
AT3G18750,AT3G18750_Amplicon002:gRNA02,TTCTAAGGTGTCGAGTGAGATGG
AT3G18750,AT3G18750_Amplicon003:gRNA01,TTGTCAACATGATACCCACCTGG
AT3G18750,AT3G18750_Amplicon003:gRNA02,GAGATGATCGACTGTGACATCGG
AT3G18750,AT3G18750_Amplicon004:gRNA01,AAACCATTTAGTTGCAGAAAAGG
AT3G18750,AT3G18750_Amplicon005:gRNA01,TTACTAGGCCGTGTTGTAGGAGG
AT3G18750,AT3G18750_Amplicon005:gRNA02,TTCATCAAGATCTATCGACAAGG
AT3G18750,AT3G18750_Amplicon006:gRNA01,ATGCCCAAAGAAGGCGCATTTGG
AT3G18750,AT3G18750_Amplicon006:gRNA02,ACAATGTCAGGAAGCGGCAAAGG
AT3G18750,AT3G18750_Amplicon007:gRNA01,AGTTCTGATTCAGTTGCGAATGG
AT3G18750,AT3G18750_Amplicon008:gRNA01,TTGTCAACATGATACCCACCTGG
AT3G18750,AT3G18750_Amplicon008:gRNA02,GAGATGATCGACTGTGACATCGG
AT3G18750,AT3G18750_Amplicon009:gRNA01,AGTTCTGATTCAGTTGCGAATGG
AT3G18750,AT3G18750_Amplicon010:gRNA01,TACTTCTGGGTCTTTAACCCTGG
AT3G18750,AT3G18750_Amplicon010:gRNA02,TAAAACCTGCTTCACTCTCCAGG
AT3G18750,AT3G18750_Amplicon011:gRNA01,AGGCCGTCAAGAATTGGGCGAGG
AT3G18750,AT3G18750_Amplicon011:gRNA02,ACATGAAGGCCGTCAAGAATTGG
AT3G18750,AT3G18750_Amplicon012:gRNA01,AGGCCGTCAAGAATTGGGCGAGG
AT3G18750,AT3G18750_Amplicon012:gRNA02,CTACCGCAAGAAACACAGGAAGG
AT3G18750,AT3G18750_Amplicon013:gRNA01,TACTTCTGGGTCTTTAACCCTGG
AT3G18750,AT3G18750_Amplicon014:gRNA01,TACTTCTGGGTCTTTAACCCTGG
AT3G18750,AT3G18750_Amplicon014:gRNA02,TTAACCCTGGAGAGTGAAGCAGG
AT3G18750,AT3G18750_Amplicon015:gRNA01,ATCTACTATACGAAGAATTAAGG
AT3G18750,AT3G18750_Amplicon016:gRNA01,AGGGAATTTCTTTGTCCTCAAGG
AT3G18750,AT3G18750_Amplicon017:gRNA01,ATGCCCAAAGAAGGCGCATTTGG
AT3G18750,AT3G18750_Amplicon017:gRNA02,ACAATGTCAGGAAGCGGCAAAGG
AT3G18750,AT3G18750_Amplicon018:gRNA01,GCTTACTTCCTGCATCCGAAAGG
AT3G18750,AT3G18750_Amplicon018:gRNA02,GCTGACAGCCTTTCGGATGCAGG
AT3G18750,AT3G18750_Amplicon019:gRNA01,TTGTCAACATGATACCCACCTGG
AT3G18750,AT3G18750_Amplicon019:gRNA02,AAGTAGTATATCAATCAGCTCGG
AT3G18750,AT3G18750_Amplicon020:gRNA01,CGCTAAAAGTAACAATAGGCAGG
AT3G18750,AT3G18750_Amplicon020:gRNA02,TTCAGGATCCAGGTGTATTGAGG
AT3G18750,AT3G18750_Amplicon021:gRNA01,TACTTCTGGGTCTTTAACCCTGG
AT3G18750,AT3G18750_Amplicon021:gRNA02,TAAAACCTGCTTCACTCTCCAGG
AT3G18750,AT3G18750_Amplicon022:gRNA01,GAGATGATCGACTGTGACATCGG
AT3G18750,AT3G18750_Amplicon023:gRNA01,TTGTCAACATGATACCCACCTGG
AT3G18750,AT3G18750_Amplicon023:gRNA02,AAGTAGTATATCAATCAGCTCGG
AT3G18750,AT3G18750_Amplicon024:gRNA01,ATGCCCAAAGAAGGCGCATTTGG
AT3G18750,AT3G18750_Amplicon025:gRNA01,AGTTCTGATTCAGTTGCGAATGG
AT3G18750,AT3G18750_Amplicon026:gRNA01,TTGTCAACATGATACCCACCTGG
AT3G18750,AT3G18750_Amplicon026:gRNA02,GAGATGATCGACTGTGACATCGG
AT3G18750,AT3G18750_Amplicon027:gRNA01,TAGGAGGACCTTCAGACATAAGG
AT3G18750,AT3G18750_Amplicon027:gRNA02,GACCGTTGCCTTATGTCTGAAGG
AT3G18750,AT3G18750_Amplicon028:gRNA01,ATGCCCAAAGAAGGCGCATTTGG
AT3G18750,AT3G18750_Amplicon029:gRNA01,ACATGAAGGCCGTCAAGAATTGG
AT3G18750,AT3G18750_Amplicon029:gRNA02,CTACCGCAAGAAACACAGGAAGG
AT3G18750,AT3G18750_Amplicon030:gRNA01,ATCTACTATACGAAGAATTAAGG
AT3G18750,AT3G18750_Amplicon031:gRNA01,AGTTCTGATTCAGTTGCGAATGG
AT3G22420,AT3G22420_Amplicon001:gRNA01,ATATTATCATCTTGTAGAAAAGG
AT3G22420,AT3G22420_Amplicon001:gRNA02,CTACAAGATGATAATATGGATGG
AT3G22420,AT3G22420_Amplicon002:gRNA01,TTGCTGCATTGGTGCCTGATTGG
AT3G22420,AT3G22420_Amplicon002:gRNA02,CGATGCAGAGATTGCTGCATTGG
AT3G22420,AT3G22420_Amplicon003:gRNA01,TATCAATAGCCGTCTCAAACGGG
AT3G22420,AT3G22420_Amplicon003:gRNA02,CATTTACTTCCCGTTTGAGACGG
AT3G22420,AT3G22420_Amplicon004:gRNA01,TATCAATAGCCGTCTCAAACGGG
AT3G22420,AT3G22420_Amplicon004:gRNA02,ATGGAGTGTAGCGGTTGAGATGG
AT3G22420,AT3G22420_Amplicon005:gRNA01,ATATTATCATCTTGTAGAAAAGG
AT3G22420,AT3G22420_Amplicon005:gRNA02,CTACAAGATGATAATATGGATGG
AT3G22420,AT3G22420_Amplicon006:gRNA01,CTTAGAATATCTGATGCTGAAGG
AT3G22420,AT3G22420_Amplicon007:gRNA01,TCAACAAACTCACGAACCTCAGG
AT3G22420,AT3G22420_Amplicon008:gRNA01,GAAGTCAAGATCGGTGACCTTGG
AT3G22420,AT3G22420_Amplicon008:gRNA02,CACCGATCTTGACTTCACCTTGG
AT3G22420,AT3G22420_Amplicon009:gRNA01,TTGCTGCATTGGTGCCTGATTGG
AT3G22420,AT3G22420_Amplicon009:gRNA02,CGATGCAGAGATTGCTGCATTGG
AT3G22420,AT3G22420_Amplicon010:gRNA01,TGATACTGCATGGAGTGTAGCGG
AT3G22420,AT3G22420_Amplicon010:gRNA02,AGACGGCTATTGATACTGCATGG
AT3G22420,AT3G22420_Amplicon011:gRNA01,GTGACGACTCAAACTGATCATGG
AT3G22420,AT3G22420_Amplicon012:gRNA01,TTGCTGCATTGGTGCCTGATTGG
AT3G22420,AT3G22420_Amplicon013:gRNA01,ATAAAGTTCCAATGATGTGAAGG
AT3G22420,AT3G22420_Amplicon013:gRNA02,CTTCAAAACCTTCACATCATTGG
AT3G22420,AT3G22420_Amplicon014:gRNA01,TTACTTAGTGAAGGATCCTGAGG
AT3G22420,AT3G22420_Amplicon014:gRNA02,TTCACTAAGTAAAAAGCTTCAGG
AT3G22420,AT3G22420_Amplicon015:gRNA01,CTACAAGATGATAATATGGATGG
AT3G22420,AT3G22420_Amplicon016:gRNA01,TCAACAAACTCACGAACCTCAGG
AT3G22420,AT3G22420_Amplicon017:gRNA01,TTACTTAGTGAAGGATCCTGAGG
AT3G22420,AT3G22420_Amplicon017:gRNA02,TTCACTAAGTAAAAAGCTTCAGG
AT3G22420,AT3G22420_Amplicon018:gRNA01,CATTTACTTCCCGTTTGAGACGG
AT3G22420,AT3G22420_Amplicon019:gRNA01,TTGCTGCATTGGTGCCTGATTGG
AT3G22420,AT3G22420_Amplicon019:gRNA02,TCAAGATGTTGCGAAAATCGCGG
AT3G22420,AT3G22420_Amplicon020:gRNA01,TCAAGATGTTGCGAAAATCGCGG
AT3G22420,AT3G22420_Amplicon021:gRNA01,ATAAAGTTCCAATGATGTGAAGG
AT3G22420,AT3G22420_Amplicon022:gRNA01,TTACTTAGTGAAGGATCCTGAGG
AT3G22420,AT3G22420_Amplicon022:gRNA02,TCAACAAACTCACGAACCTCAGG
AT3G22420,AT3G22420_Amplicon023:gRNA01,TGATACTGCATGGAGTGTAGCGG
AT3G22420,AT3G22420_Amplicon023:gRNA02,CATTTACTTCCCGTTTGAGACGG
AT3G22420,AT3G22420_Amplicon024:gRNA01,TGATACTGCATGGAGTGTAGCGG
AT3G22420,AT3G22420_Amplicon024:gRNA02,CATTTACTTCCCGTTTGAGACGG
AT3G22420,AT3G22420_Amplicon025:gRNA01,ATATTATCATCTTGTAGAAAAGG
AT3G22420,AT3G22420_Amplicon025:gRNA02,CTACAAGATGATAATATGGATGG
AT3G22420,AT3G22420_Amplicon026:gRNA01,TTACAGTGAATGTACTCACCCGG
AT3G22420,AT3G22420_Amplicon026:gRNA02,ACTTTCTTGTAGATTTGTGCCGG
AT3G22420,AT3G22420_Amplicon027:gRNA01,TCAAGATGTTGCGAAAATCGCGG
AT3G22420,AT3G22420_Amplicon028:gRNA01,GTGACGACTCAAACTGATCATGG
AT3G22420,AT3G22420_Amplicon028:gRNA02,TCAAACTGATCATGGTAAAGAGG
AT3G22420,AT3G22420_Amplicon029:gRNA01,CTTAGAATATCTGATGCTGAAGG
AT3G22420,AT3G22420_Amplicon030:gRNA01,TGAAGTACCAACGCAACGAACGG
AT3G22420,AT3G22420_Amplicon030:gRNA02,ATAAAGTTCCAATGATGTGAAGG
AT3G22420,AT3G22420_Amplicon031:gRNA01,TGGGTAATGTAGGACGGATAAGG
AT3G22420,AT3G22420_Amplicon032:gRNA01,TGGGTAATGTAGGACGGATAAGG
AT3G22420,AT3G22420_Amplicon033:gRNA01,TAACCATTGTAGTAATCAATAGG
AT3G22420,AT3G22420_Amplicon034:gRNA01,TTACTTAGTGAAGGATCCTGAGG
AT3G22420,AT3G22420_Amplicon034:gRNA02,TTCACTAAGTAAAAAGCTTCAGG
AT3G22420,AT3G22420_Amplicon035:gRNA01,GACGTGTAGGCTAACGGCATTGG
AT3G22420,AT3G22420_Amplicon035:gRNA02,TATTATCATCTTGTAGAAAAGGG
AT3G22420,AT3G22420_Amplicon036:gRNA01,TCAAGATGTTGCGAAAATCGCGG
AT3G22420,AT3G22420_Amplicon036:gRNA02,CGATGCAGAGATTGCTGCATTGG
AT3G22420,AT3G22420_Amplicon037:gRNA01,TAACCATTGTAGTAATCAATAGG
AT3G22420,AT3G22420_Amplicon037:gRNA02,TACAATGGTTATGATGAAACTGG
AT3G22420,AT3G22420_Amplicon038:gRNA01,TATCAATAGCCGTCTCAAACGGG
AT3G22420,AT3G22420_Amplicon038:gRNA02,TGGGTAATGTAGGACGGATAAGG
AT3G22420,AT3G22420_Amplicon039:gRNA01,TAACCATTGTAGTAATCAATAGG
AT3G22420,AT3G22420_Amplicon039:gRNA02,TACAATGGTTATGATGAAACTGG
AT3G22420,AT3G22420_Amplicon040:gRNA01,CATGTCGACATTTCGATTAAAGG
AT3G22420,AT3G22420_Amplicon040:gRNA02,GGAAGAGAAACGGTGATGATGGG
AT3G22420,AT3G22420_Amplicon041:gRNA01,GAAGTCAAGATCGGTGACCTTGG
AT3G22420,AT3G22420_Amplicon041:gRNA02,CACCGATCTTGACTTCACCTTGG
AT3G22420,AT3G22420_Amplicon042:gRNA01,AACAAGAACAACAACACTGCAGG
AT3G22420,AT3G22420_Amplicon043:gRNA01,GTGACGACTCAAACTGATCATGG
AT3G22420,AT3G22420_Amplicon043:gRNA02,TCAAACTGATCATGGTAAAGAGG
AT3G22420,AT3G22420_Amplicon044:gRNA01,TGGGTAATGTAGGACGGATAAGG
AT3G22420,AT3G22420_Amplicon045:gRNA01,ATATTAGAGCAGTGAAGCAATGG
AT3G22420,AT3G22420_Amplicon046:gRNA01,CATGTCGACATTTCGATTAAAGG
AT3G22420,AT3G22420_Amplicon046:gRNA02,TCGATTAAAGGGAAGAGAAACGG
AT3G22420,AT3G22420_Amplicon047:gRNA01,CTTAGAATATCTGATGCTGAAGG
AT3G22420,AT3G22420_Amplicon047:gRNA02,GGGAAGAGAAACGGTGATGATGG
AT3G22420,AT3G22420_Amplicon048:gRNA01,CATCAATCAAAGGATGTCTAAGG
AT3G22420,AT3G22420_Amplicon049:gRNA01,TTCACTAAGTAAAAAGCTTCAGG
AT3G48260,AT3G48260_Amplicon001:gRNA01,CTCGCAACGCTTGTCAGCCAAGG
AT3G48260,AT3G48260_Amplicon001:gRNA02,AGGATCATCAAGTAGTTCCTTGG
AT3G48260,AT3G48260_Amplicon002:gRNA01,CTTGTCGATATCTACGCGTTTGG
AT3G48260,AT3G48260_Amplicon002:gRNA02,TGGAATGTGTTTGCTTGAGCTGG
AT3G48260,AT3G48260_Amplicon003:gRNA01,CGTTGAGATGTCTTGATCATCGG
AT3G48260,AT3G48260_Amplicon004:gRNA01,CTATCTAAATGGAGCGTCTCTGG
AT3G48260,AT3G48260_Amplicon004:gRNA02,ATTTAGATAGATTTCCTTCAGGG
AT3G48260,AT3G48260_Amplicon005:gRNA01,CTATCTAAATGGAGCGTCTCTGG
AT3G48260,AT3G48260_Amplicon006:gRNA01,CGTTGAGATGTCTTGATCATCGG
AT3G48260,AT3G48260_Amplicon007:gRNA01,CTATCTAAATGGAGCGTCTCTGG
AT3G48260,AT3G48260_Amplicon007:gRNA02,ATTTAGATAGATTTCCTTCAGGG
AT3G48260,AT3G48260_Amplicon008:gRNA01,TACATTCACACATCCCCGATTGG
AT3G48260,AT3G48260_Amplicon008:gRNA02,ATCACCGATAAGTCGAGAAGGGG
AT3G48260,AT3G48260_Amplicon009:gRNA01,TTTCTCAGTCGCCATCGAAATGG
AT3G48260,AT3G48260_Amplicon009:gRNA02,CGTTGAGATGTCTTGATCATCGG
AT3G48260,AT3G48260_Amplicon010:gRNA01,TACATTCACACATCCCCGATTGG
AT3G48260,AT3G48260_Amplicon011:gRNA01,GTCACATTTAAAAGAGCGGCTGG
AT3G48260,AT3G48260_Amplicon012:gRNA01,TCCTTGTAGCATTTCAGAAAAGG
AT3G48260,AT3G48260_Amplicon013:gRNA01,CTATCTAAATGGAGCGTCTCTGG
AT3G48260,AT3G48260_Amplicon013:gRNA02,ATTTAGATAGATTTCCTTCAGGG
AT3G48260,AT3G48260_Amplicon014:gRNA01,AAACTCTCGGATTCTGAGGTAGG
AT3G48260,AT3G48260_Amplicon014:gRNA02,GTCTTTACGTTGGCCTTCTACGG
AT3G48260,AT3G48260_Amplicon015:gRNA01,TCTATGAATGCTCTCACTTGCGG
AT3G48260,AT3G48260_Amplicon015:gRNA02,CATAGAGAAGTGTATCGCAAAGG
AT3G48260,AT3G48260_Amplicon016:gRNA01,AACTCCTGAATTTATGGCGCCGG
AT3G48260,AT3G48260_Amplicon016:gRNA02,TAGTCCTCTTCATAGAGTTCCGG
AT3G48260,AT3G48260_Amplicon017:gRNA01,GTCACATTTAAAAGAGCGGCTGG
AT3G48260,AT3G48260_Amplicon018:gRNA01,TACATTCACACATCCCCGATTGG
AT3G48260,AT3G48260_Amplicon018:gRNA02,ATCACCGATAAGTCGAGAAGGGG
AT3G48260,AT3G48260_Amplicon019:gRNA01,CATTTGTGCATTCGGAATACGGG
AT3G48260,AT3G48260_Amplicon019:gRNA02,CAAATGCTGCTCAGATTTATAGG
AT3G48260,AT3G48260_Amplicon020:gRNA01,CTGAGCAGCATTTGTGCATTCGG
AT3G48260,AT3G48260_Amplicon020:gRNA02,CAAATGCTGCTCAGATTTATAGG
AT3G48260,AT3G48260_Amplicon021:gRNA01,TTTCTCAGTCGCCATCGAAATGG
AT3G48260,AT3G48260_Amplicon021:gRNA02,TAGTTCTTCGACCATTTCGATGG
AT3G48260,AT3G48260_Amplicon022:gRNA01,CTTGTCGATATCTACGCGTTTGG
AT3G48260,AT3G48260_Amplicon023:gRNA01,CGGAATCGTGGATAAACTCTCGG
AT3G48260,AT3G48260_Amplicon023:gRNA02,AAACTCTCGGATTCTGAGGTAGG
AT3G48260,AT3G48260_Amplicon024:gRNA01,CGTTGAGATGTCTTGATCATCGG
AT3G48260,AT3G48260_Amplicon025:gRNA01,TCTATGAATGCTCTCACTTGCGG
AT3G48260,AT3G48260_Amplicon026:gRNA01,TCCTTGTAGCATTTCAGAAAAGG
AT3G48260,AT3G48260_Amplicon027:gRNA01,GTCACATTTAAAAGAGCGGCTGG
AT3G48260,AT3G48260_Amplicon027:gRNA02,TCTATGAATGCTCTCACTTGCGG
AT3G48260,AT3G48260_Amplicon028:gRNA01,CGGAATCGTGGATAAACTCTCGG
AT3G48260,AT3G48260_Amplicon028:gRNA02,TTACAACGGAAACGGAATCGTGG
AT3G48260,AT3G48260_Amplicon029:gRNA01,CATAGAGAAGTGTATCGCAAAGG
AT3G48260,AT3G48260_Amplicon030:gRNA01,TCCTTGTAGCATTTCAGAAAAGG
AT3G48260,AT3G48260_Amplicon031:gRNA01,ACTTATCGGTGATGATTCAGCGG
AT3G48260,AT3G48260_Amplicon032:gRNA01,ATCACCGATAAGTCGAGAAGGGG
AT3G48260,AT3G48260_Amplicon032:gRNA02,ACTTATCGGTGATGATTCAGCGG
AT3G48260,AT3G48260_Amplicon033:gRNA01,ATTTAGATAGATTTCCTTCAGGG
AT3G48260,AT3G48260_Amplicon034:gRNA01,GTCACATTTAAAAGAGCGGCTGG
AT3G48260,AT3G48260_Amplicon035:gRNA01,TACATTCACACATCCCCGATTGG
AT3G48260,AT3G48260_Amplicon036:gRNA01,TCATCACCGATAAGTCGAGAAGG
AT3G48260,AT3G48260_Amplicon036:gRNA02,ACTTATCGGTGATGATTCAGCGG
AT3G48260,AT3G48260_Amplicon037:gRNA01,TTTCTCAGTCGCCATCGAAATGG
AT3G48260,AT3G48260_Amplicon038:gRNA01,CGGAATCGTGGATAAACTCTCGG
AT3G48260,AT3G48260_Amplicon038:gRNA02,GGATAAACTCTCGGATTCTGAGG
AT3G48260,AT3G48260_Amplicon039:gRNA01,AACTCCTGAATTTATGGCGCCGG
AT3G48260,AT3G48260_Amplicon039:gRNA02,TAGTCCTCTTCATAGAGTTCCGG
AT3G48260,AT3G48260_Amplicon040:gRNA01,CAAATGCTGCTCAGATTTATAGG
AT3G51630,AT3G51630_Amplicon001:gRNA01,TGTTGCGGCAATCTAAAAAGAGG
AT3G51630,AT3G51630_Amplicon001:gRNA02,CGCAACTGATGAGAGAGATTTGG
AT3G51630,AT3G51630_Amplicon002:gRNA01,GCCTGCAAAGGAGCTCTTAGCGG
AT3G51630,AT3G51630_Amplicon002:gRNA02,GTCAAGAAGATTGCCTGCAAAGG
AT3G51630,AT3G51630_Amplicon003:gRNA01,AACGTTGGGCCTCCGTGTGTTGG
AT3G51630,AT3G51630_Amplicon003:gRNA02,GTCAAGAAGATTGCCTGCAAAGG
AT3G51630,AT3G51630_Amplicon004:gRNA01,CACACCTCTAGAAGTAGCTTTGG
AT3G51630,AT3G51630_Amplicon004:gRNA02,AGTAGCTTTGGAGATGGTGAAGG
AT3G51630,AT3G51630_Amplicon005:gRNA01,GAGTCATTGGCCCTCCAGTTGGG
AT3G51630,AT3G51630_Amplicon005:gRNA02,TCTATCCGGCACGAAAGCTTTGG
AT3G51630,AT3G51630_Amplicon006:gRNA01,TGTTGCGGCAATCTAAAAAGAGG
AT3G51630,AT3G51630_Amplicon006:gRNA02,TTCTGGATTGCCAATTGTTGCGG
AT3G51630,AT3G51630_Amplicon007:gRNA01,CCTCCGTGTGTTGGATTAGATGG
AT3G51630,AT3G51630_Amplicon007:gRNA02,GCATTTACCAACAAAACGTTGGG
AT3G51630,AT3G51630_Amplicon008:gRNA01,TGAGGACAATGGCGACACAGAGG
AT3G51630,AT3G51630_Amplicon008:gRNA02,CTTTGGTCATGAAGATGATGAGG
AT3G51630,AT3G51630_Amplicon009:gRNA01,ACAATTGGCAATCCAGAATTTGG
AT3G51630,AT3G51630_Amplicon009:gRNA02,TTCCATTTGCAGCCAAATTCTGG
AT3G51630,AT3G51630_Amplicon010:gRNA01,TGTCACTTAAAATGTTGAACGGG
AT3G51630,AT3G51630_Amplicon010:gRNA02,TCTAGAAGTAGCTTTGGAGATGG
AT3G51630,AT3G51630_Amplicon011:gRNA01,TCTATCCGGCACGAAAGCTTTGG
AT3G51630,AT3G51630_Amplicon011:gRNA02,CATGAAGATGATGAGGACAATGG
AT3G51630,AT3G51630_Amplicon012:gRNA01,GCATTTACCAACAAAACGTTGGG
AT3G51630,AT3G51630_Amplicon012:gRNA02,GTCAAGAAGATTGCCTGCAAAGG
AT3G51630,AT3G51630_Amplicon013:gRNA01,TGACAGGAGGATCATGTCCATGG
AT3G51630,AT3G51630_Amplicon014:gRNA01,GCCTGCAAAGGAGCTCTTAGCGG
AT3G51630,AT3G51630_Amplicon014:gRNA02,CATCAGTTGCGGCAAGGAATGGG
AT3G51630,AT3G51630_Amplicon015:gRNA01,TGAGGACAATGGCGACACAGAGG
AT3G51630,AT3G51630_Amplicon015:gRNA02,CTTTGGTCATGAAGATGATGAGG
AT3G51630,AT3G51630_Amplicon016:gRNA01,CTAGTTGGATCAGTCGTTGACGG
AT3G51630,AT3G51630_Amplicon017:gRNA01,TGTTGCGGCAATCTAAAAAGAGG
AT3G51630,AT3G51630_Amplicon017:gRNA02,ACAATTGGCAATCCAGAATTTGG
AT3G51630,AT3G51630_Amplicon018:gRNA01,GTGCCGGATAGAAGAGTCATTGG
AT3G51630,AT3G51630_Amplicon018:gRNA02,CTTTGCTCGTCCCCAACTGGAGG
AT3G51630,AT3G51630_Amplicon019:gRNA01,ATCATTGCAGCGATCTCCAAAGG
AT3G51630,AT3G51630_Amplicon020:gRNA01,TCTATCCGGCACGAAAGCTTTGG
AT3G51630,AT3G51630_Amplicon020:gRNA02,CTTTGGTCATGAAGATGATGAGG
AT3G51630,AT3G51630_Amplicon021:gRNA01,TATCTTTGCTCGTCCCCAACTGG
AT3G51630,AT3G51630_Amplicon022:gRNA01,TGACAGGAGGATCATGTCCATGG
AT3G51630,AT3G51630_Amplicon023:gRNA01,CATCAGTTGCGGCAAGGAATGGG
AT3G51630,AT3G51630_Amplicon023:gRNA02,TGTTGCGGCAATCTAAAAAGAGG
AT3G51630,AT3G51630_Amplicon024:gRNA01,ACAACAGATATGTCAATAACAGG
AT3G51630,AT3G51630_Amplicon024:gRNA02,CTAGTTGGATCAGTCGTTGACGG
AT3G51630,AT3G51630_Amplicon025:gRNA01,CACCAATCTTAACTTGCCCAAGG
AT3G51630,AT3G51630_Amplicon025:gRNA02,CGAAGATATTATCGCATTTGAGG
AT3G51630,AT3G51630_Amplicon026:gRNA01,AACGTTGGGCCTCCGTGTGTTGG
AT3G51630,AT3G51630_Amplicon026:gRNA02,AGCATTTACCAACAAAACGTTGG
AT3G51630,AT3G51630_Amplicon027:gRNA01,TGCTACAGGAGAGTCGTGAGAGG
AT3G51630,AT3G51630_Amplicon028:gRNA01,ATCTTCGTTAATGGACACCTTGG
AT3G51630,AT3G51630_Amplicon028:gRNA02,TGACAGGAGGATCATGTCCATGG
AT3G51630,AT3G51630_Amplicon029:gRNA01,GACATATCTGTTGTTCTAGTTGG
AT3G51630,AT3G51630_Amplicon029:gRNA02,CTAGTTGGATCAGTCGTTGACGG
AT3G51630,AT3G51630_Amplicon030:gRNA01,GTGCCGGATAGAAGAGTCATTGG
AT3G51630,AT3G51630_Amplicon030:gRNA02,TATCTTTGCTCGTCCCCAACTGG
AT3G51630,AT3G51630_Amplicon031:gRNA01,CTTCAAGTACAGATTCTAGATGG
AT3G51630,AT3G51630_Amplicon031:gRNA02,GTACTTGAAGGAAGATGGTGTGG
AT3G51630,AT3G51630_Amplicon032:gRNA01,ATCATTGCAGCGATCTCCAAAGG
AT3G51630,AT3G51630_Amplicon032:gRNA02,GGAGCTTGAGATCACTGATTGGG
AT3G51630,AT3G51630_Amplicon033:gRNA01,CTCTCTCATCAGTTGCGGCAAGG
AT3G51630,AT3G51630_Amplicon033:gRNA02,TGTTGCGGCAATCTAAAAAGAGG
AT3G51630,AT3G51630_Amplicon034:gRNA01,CATCAGTTGCGGCAAGGAATGGG
AT3G51630,AT3G51630_Amplicon034:gRNA02,CGCAACTGATGAGAGAGATTTGG
AT3G51630,AT3G51630_Amplicon035:gRNA01,GCCTGCAAAGGAGCTCTTAGCGG
AT3G51630,AT3G51630_Amplicon035:gRNA02,CATCAGTTGCGGCAAGGAATGGG
AT3G51630,AT3G51630_Amplicon036:gRNA01,GCCTGCAAAGGAGCTCTTAGCGG
AT3G51630,AT3G51630_Amplicon036:gRNA02,GTCAAGAAGATTGCCTGCAAAGG
AT3G51630,AT3G51630_Amplicon037:gRNA01,GAGTCATTGGCCCTCCAGTTGGG
AT3G51630,AT3G51630_Amplicon037:gRNA02,TCTATCCGGCACGAAAGCTTTGG
AT3G51630,AT3G51630_Amplicon038:gRNA01,GATCACTGATTGGGATCCTTTGG
AT3G51630,AT3G51630_Amplicon038:gRNA02,AGTAGCTTTGGAGATGGTGAAGG
AT3G51630,AT3G51630_Amplicon039:gRNA01,AGCTCTGGTGCCATAAATTCAGG
AT3G51630,AT3G51630_Amplicon039:gRNA02,TAATCTTCTTCATATAGCTCTGG
AT3G51630,AT3G51630_Amplicon040:gRNA01,ATCATTGCAGCGATCTCCAAAGG
AT3G51630,AT3G51630_Amplicon041:gRNA01,TGCTACAGGAGAGTCGTGAGAGG
AT3G51630,AT3G51630_Amplicon042:gRNA01,TAATCTTCTTCATATAGCTCTGG
AT3G51630,AT3G51630_Amplicon043:gRNA01,ATCATTGCAGCGATCTCCAAAGG
AT3G51630,AT3G51630_Amplicon043:gRNA02,GATCACTGATTGGGATCCTTTGG
AT3G51630,AT3G51630_Amplicon044:gRNA01,TGTCACTTAAAATGTTGAACGGG
AT3G51630,AT3G51630_Amplicon044:gRNA02,TCTAGAAGTAGCTTTGGAGATGG
AT3G51630,AT3G51630_Amplicon045:gRNA01,TGCTACAGGAGAGTCGTGAGAGG
AT3G51630,AT3G51630_Amplicon045:gRNA02,GTCGTGAGAGGAAGAAGCAGAGG
AT3G51630,AT3G51630_Amplicon046:gRNA01,ACAACAGATATGTCAATAACAGG
AT3G51630,AT3G51630_Amplicon046:gRNA02,GACATATCTGTTGTTCTAGTTGG
AT3G51630,AT3G51630_Amplicon047:gRNA01,GTGCCGGATAGAAGAGTCATTGG
AT3G51630,AT3G51630_Amplicon047:gRNA02,TATCTTTGCTCGTCCCCAACTGG
AT3G51630,AT3G51630_Amplicon048:gRNA01,GTATAGAAGGAAGTATCAAAAGG
AT3G51630,AT3G51630_Amplicon049:gRNA01,TGTGTCCTAGAGATGCTTACCGG
AT3G51630,AT3G51630_Amplicon049:gRNA02,CTTGTAGACATTTATTCGTTTGG
AT3G51630,AT3G51630_Amplicon050:gRNA01,GCCTGCAAAGGAGCTCTTAGCGG
AT3G51630,AT3G51630_Amplicon050:gRNA02,GCATTTACCAACAAAACGTTGGG
AT3G51630,AT3G51630_Amplicon051:gRNA01,TTTGGCTGCAAATGGAACGGTGG
AT3G51630,AT3G51630_Amplicon051:gRNA02,CTAGTTGGATCAGTCGTTGACGG
AT3G51630,AT3G51630_Amplicon052:gRNA01,GTATAGAAGGAAGTATCAAAAGG
AT3G51630,AT3G51630_Amplicon053:gRNA01,CATCAGTTGCGGCAAGGAATGGG
AT3G51630,AT3G51630_Amplicon053:gRNA02,CGCAACTGATGAGAGAGATTTGG
AT3G51630,AT3G51630_Amplicon054:gRNA01,CTTCAAGTACAGATTCTAGATGG
AT3G51630,AT3G51630_Amplicon054:gRNA02,GTACTTGAAGGAAGATGGTGTGG
AT3G51630,AT3G51630_Amplicon055:gRNA01,TATCCGGGCAATCAAGAGCTGGG
AT3G51630,AT3G51630_Amplicon055:gRNA02,AGTATCAAAAGGTTGATATCCGG
AT3G51630,AT3G51630_Amplicon056:gRNA01,CCTCCGTGTGTTGGATTAGATGG
AT3G51630,AT3G51630_Amplicon056:gRNA02,GCATTTACCAACAAAACGTTGGG
AT3G51630,AT3G51630_Amplicon057:gRNA01,ACAACAGATATGTCAATAACAGG
AT3G51630,AT3G51630_Amplicon057:gRNA02,GACATATCTGTTGTTCTAGTTGG
AT3G51630,AT3G51630_Amplicon058:gRNA01,CGAAGATATTATCGCATTTGAGG
AT3G51630,AT3G51630_Amplicon058:gRNA02,TGCGATAATATCTTCGTTAATGG
AT3G51630,AT3G51630_Amplicon059:gRNA01,TGAGGACAATGGCGACACAGAGG
AT3G51630,AT3G51630_Amplicon060:gRNA01,ATCATTGCAGCGATCTCCAAAGG
AT3G51630,AT3G51630_Amplicon060:gRNA02,GGAGCTTGAGATCACTGATTGGG
AT3G51630,AT3G51630_Amplicon061:gRNA01,CATCAGTTGCGGCAAGGAATGGG
AT3G51630,AT3G51630_Amplicon061:gRNA02,CGCAACTGATGAGAGAGATTTGG
AT3G51630,AT3G51630_Amplicon062:gRNA01,CTTCAAGTACAGATTCTAGATGG
AT3G51630,AT3G51630_Amplicon062:gRNA02,GTACTTGAAGGAAGATGGTGTGG
AT3G51630,AT3G51630_Amplicon063:gRNA01,GGCTTAGCTGCAATTCTTCGTGG
AT3G51630,AT3G51630_Amplicon064:gRNA01,TGCTACAGGAGAGTCGTGAGAGG
AT3G51630,AT3G51630_Amplicon064:gRNA02,GTCGTGAGAGGAAGAAGCAGAGG
AT3G51630,AT3G51630_Amplicon065:gRNA01,GCCTGCAAAGGAGCTCTTAGCGG
AT3G51630,AT3G51630_Amplicon065:gRNA02,CATCAGTTGCGGCAAGGAATGGG
AT5G28080,AT5G28080_Amplicon001:gRNA01,GTGTCAGTCTCGATGTCGAACGG
AT5G28080,AT5G28080_Amplicon002:gRNA01,ATTCATCGATACAAAGAAAATGG
AT5G28080,AT5G28080_Amplicon003:gRNA01,CATATACCTCACTACTCAAACGG
AT5G28080,AT5G28080_Amplicon003:gRNA02,GCCTCTATAATCAAAACCAATGG
AT5G28080,AT5G28080_Amplicon004:gRNA01,ATTCATCGATACAAAGAAAATGG
AT5G28080,AT5G28080_Amplicon005:gRNA01,GTGTAGATATAAGCATTAAAGGG
AT5G28080,AT5G28080_Amplicon005:gRNA02,GAAGAAGAAGATAAGAGGTTTGG
AT5G28080,AT5G28080_Amplicon006:gRNA01,AGAGAGTCTAAGGGACACTGTGG
AT5G28080,AT5G28080_Amplicon006:gRNA02,GTTCACAAGCAGAGAGTCTAAGG
AT5G28080,AT5G28080_Amplicon007:gRNA01,GTGTCAGTCTCGATGTCGAACGG
AT5G28080,AT5G28080_Amplicon008:gRNA01,GTGTCAGTCTCGATGTCGAACGG
AT5G28080,AT5G28080_Amplicon009:gRNA01,ATTCATCGATACAAAGAAAATGG
AT5G28080,AT5G28080_Amplicon010:gRNA01,CATATACCTCACTACTCAAACGG
AT5G28080,AT5G28080_Amplicon010:gRNA02,TAGTAACCGTTTGAGTAGTGAGG
AT5G28080,AT5G28080_Amplicon011:gRNA01,GTGTAGATATAAGCATTAAAGGG
AT5G28080,AT5G28080_Amplicon011:gRNA02,GAAGAAGAAGATAAGAGGTTTGG
AT5G28080,AT5G28080_Amplicon012:gRNA01,GTTCACAAGCAGAGAGTCTAAGG
AT5G28080,AT5G28080_Amplicon013:gRNA01,TAGTAACCGTTTGAGTAGTGAGG
AT5G28080,AT5G28080_Amplicon013:gRNA02,GCCTCTATAATCAAAACCAATGG
AT5G28080,AT5G28080_Amplicon014:gRNA01,AGTGTAGATATAAGCATTAAAGG
AT5G28080,AT5G28080_Amplicon014:gRNA02,GAAGAAGAAGATAAGAGGTTTGG
AT5G28080,AT5G28080_Amplicon015:gRNA01,TAGTAACCGTTTGAGTAGTGAGG
AT5G28080,AT5G28080_Amplicon015:gRNA02,ATATGATAAGAATGTCTAAGAGG
AT5G28080,AT5G28080_Amplicon016:gRNA01,TAGTAACCGTTTGAGTAGTGAGG
AT5G28080,AT5G28080_Amplicon016:gRNA02,ATATGATAAGAATGTCTAAGAGG
AT5G28080,AT5G28080_Amplicon017:gRNA01,CATATACCTCACTACTCAAACGG
AT5G28080,AT5G28080_Amplicon017:gRNA02,TAGTAACCGTTTGAGTAGTGAGG
AT5G28080,AT5G28080_Amplicon018:gRNA01,AGAGAGTCTAAGGGACACTGTGG
AT5G28080,AT5G28080_Amplicon018:gRNA02,GTTCACAAGCAGAGAGTCTAAGG
AT5G28080,AT5G28080_Amplicon019:gRNA01,TTCACTTTGTCTAATCCATCTGG
AT5G28080,AT5G28080_Amplicon019:gRNA02,AGACAAAGTGAAGGATCCAGAGG
AT5G28080,AT5G28080_Amplicon020:gRNA01,GAAGAAGAAGATAAGAGGTTTGG
AT5G28080,AT5G28080_Amplicon021:gRNA01,TGAAGGATCCAGAGGTTAGAGGG
AT5G28080,AT5G28080_Amplicon021:gRNA02,TTCACTTTGTCTAATCCATCTGG
AT5G28080,AT5G28080_Amplicon022:gRNA01,GTGTAGATATAAGCATTAAAGGG
AT5G28080,AT5G28080_Amplicon022:gRNA02,AAGAGAAGAGACAATGGAGATGG
AT5G28080,AT5G28080_Amplicon023:gRNA01,GCGACTCAAAACCGTCAACAAGG
AT5G28080,AT5G28080_Amplicon023:gRNA02,CACACAACCTTCCTTGTTGACGG
AT5G28080,AT5G28080_Amplicon024:gRNA01,GTGTAGATATAAGCATTAAAGGG
AT5G28080,AT5G28080_Amplicon024:gRNA02,AAGAGAAGAGACAATGGAGATGG
AT5G28080,AT5G28080_Amplicon025:gRNA01,GCGACTCAAAACCGTCAACAAGG
AT5G28080,AT5G28080_Amplicon025:gRNA02,AAGAGAAGAGACAATGGAGATGG
AT5G41990,AT5G41990_Amplicon001:gRNA01,CCTTGCCTCCATCCCTTGCAAGG
AT5G41990,AT5G41990_Amplicon001:gRNA02,CGAAGGACCCATTCCTTGCAAGG
AT5G41990,AT5G41990_Amplicon002:gRNA01,TGAACATCTTCCCATGGATGTGG
AT5G41990,AT5G41990_Amplicon002:gRNA02,CTCGTTATGATCCACATCCATGG
AT5G41990,AT5G41990_Amplicon003:gRNA01,AATAAAGAGTTCAGGTTGAGAGG
AT5G41990,AT5G41990_Amplicon003:gRNA02,TTGCAGAGAATAAAGAGTTCAGG
AT5G41990,AT5G41990_Amplicon004:gRNA01,ACTGCATTTAACTAGCCAAGAGG
AT5G41990,AT5G41990_Amplicon004:gRNA02,CAGCTATCACAACGACCTCTTGG
AT5G41990,AT5G41990_Amplicon005:gRNA01,GTTCAATGGTTTGGGACCATGGG
AT5G41990,AT5G41990_Amplicon005:gRNA02,TGCAATCCTCTGAAGTTCAATGG
AT5G41990,AT5G41990_Amplicon006:gRNA01,TCGAAAGATGAAGAAGCTGCAGG
AT5G41990,AT5G41990_Amplicon007:gRNA01,TCAACTTTGCCAAGAGACTGAGG
AT5G41990,AT5G41990_Amplicon007:gRNA02,TCTATAAATTGCCTAACTTGAGG
AT5G41990,AT5G41990_Amplicon008:gRNA01,TGAACATCTTCCCATGGATGTGG
AT5G41990,AT5G41990_Amplicon008:gRNA02,CTCGTTATGATCCACATCCATGG
AT5G41990,AT5G41990_Amplicon009:gRNA01,AATAAAGAGTTCAGGTTGAGAGG
AT5G41990,AT5G41990_Amplicon009:gRNA02,TTGCAGAGAATAAAGAGTTCAGG
AT5G41990,AT5G41990_Amplicon010:gRNA01,CAGCTATCACAACGACCTCTTGG
AT5G41990,AT5G41990_Amplicon010:gRNA02,TAATGCAACTTCTCTCTGACCGG
AT5G41990,AT5G41990_Amplicon011:gRNA01,TCGAAAGATGAAGAAGCTGCAGG
AT5G41990,AT5G41990_Amplicon012:gRNA01,GGTTATGATGCGACGAGGTCCGG
AT5G41990,AT5G41990_Amplicon012:gRNA02,TAATGCAACTTCTCTCTGACCGG
AT5G41990,AT5G41990_Amplicon013:gRNA01,TCAACTTTGCCAAGAGACTGAGG
AT5G41990,AT5G41990_Amplicon013:gRNA02,TCTATAAATTGCCTAACTTGAGG
AT5G41990,AT5G41990_Amplicon014:gRNA01,CTCTCCACGTCTAACCCATGAGG
AT5G41990,AT5G41990_Amplicon014:gRNA02,TTGCTGCTTCATGATCCTCATGG
AT5G41990,AT5G41990_Amplicon015:gRNA01,GAGCTCGAGGGCAGTTGGTCTGG
AT5G41990,AT5G41990_Amplicon015:gRNA02,GCAGTTGGTCTGGAAGAGGCAGG
AT5G41990,AT5G41990_Amplicon016:gRNA01,GTTCAATGGTTTGGGACCATGGG
AT5G41990,AT5G41990_Amplicon016:gRNA02,TGCAATCCTCTGAAGTTCAATGG
AT5G41990,AT5G41990_Amplicon017:gRNA01,TGAACATCTTCCCATGGATGTGG
AT5G41990,AT5G41990_Amplicon017:gRNA02,GGAAGATGTTCAAGCTGTGGTGG
AT5G41990,AT5G41990_Amplicon018:gRNA01,CAGCTATCACAACGACCTCTTGG
AT5G41990,AT5G41990_Amplicon018:gRNA02,TAATGCAACTTCTCTCTGACCGG
AT5G41990,AT5G41990_Amplicon019:gRNA01,GTTCAATGGTTTGGGACCATGGG
AT5G41990,AT5G41990_Amplicon019:gRNA02,CCTCTGAAGTTCAATGGTTTGGG
AT5G41990,AT5G41990_Amplicon020:gRNA01,TCGAAAGATGAAGAAGCTGCAGG
AT5G41990,AT5G41990_Amplicon021:gRNA01,AATAAAGAGTTCAGGTTGAGAGG
AT5G41990,AT5G41990_Amplicon021:gRNA02,TGCAATCCTCTGAAGTTCAATGG
AT5G41990,AT5G41990_Amplicon022:gRNA01,TCAACTTTGCCAAGAGACTGAGG
AT5G41990,AT5G41990_Amplicon022:gRNA02,TCTATAAATTGCCTAACTTGAGG
AT5G41990,AT5G41990_Amplicon023:gRNA01,CCTTGCCTCCATCCCTTGCAAGG
AT5G41990,AT5G41990_Amplicon024:gRNA01,TGAACATCTTCCCATGGATGTGG
AT5G41990,AT5G41990_Amplicon024:gRNA02,CTCGTTATGATCCACATCCATGG
AT5G41990,AT5G41990_Amplicon025:gRNA01,GTTCAATGGTTTGGGACCATGGG
AT5G41990,AT5G41990_Amplicon025:gRNA02,TTGCAGAGAATAAAGAGTTCAGG
AT5G41990,AT5G41990_Amplicon026:gRNA01,ACTGCATTTAACTAGCCAAGAGG
AT5G41990,AT5G41990_Amplicon026:gRNA02,AATCGCTGAGGAAATGGTTGAGG
AT5G41990,AT5G41990_Amplicon027:gRNA01,GGTTATGATGCGACGAGGTCCGG
AT5G41990,AT5G41990_Amplicon027:gRNA02,TAATGCAACTTCTCTCTGACCGG
AT5G41990,AT5G41990_Amplicon028:gRNA01,ACTGCATTTAACTAGCCAAGAGG
AT5G41990,AT5G41990_Amplicon028:gRNA02,CAGCTATCACAACGACCTCTTGG
AT5G41990,AT5G41990_Amplicon029:gRNA01,CGTACACTTTGCATTCTATCTGG
AT5G41990,AT5G41990_Amplicon030:gRNA01,CGTACACTTTGCATTCTATCTGG
AT5G41990,AT5G41990_Amplicon030:gRNA02,CACAGCAACAGCAATCGCTGAGG
AT5G41990,AT5G41990_Amplicon031:gRNA01,AATACTGGAGAGGTCAAAATCGG
AT5G41990,AT5G41990_Amplicon031:gRNA02,AGGTCAAAATCGGAGATCTCGGG
AT5G41990,AT5G41990_Amplicon032:gRNA01,TCGAAAGATGAAGAAGCTGCAGG
AT5G41990,AT5G41990_Amplicon033:gRNA01,CGATGATGTCACAGCGTCTATGG
AT5G41990,AT5G41990_Amplicon033:gRNA02,AGTTCAGGTTGAGAGGTGAGAGG
AT5G41990,AT5G41990_Amplicon034:gRNA01,GTTCAATGGTTTGGGACCATGGG
AT5G41990,AT5G41990_Amplicon035:gRNA01,TAATGCAACTTCTCTCTGACCGG
AT5G41990,AT5G41990_Amplicon036:gRNA01,CGTACACTTTGCATTCTATCTGG
AT5G41990,AT5G41990_Amplicon037:gRNA01,CACAGCAACAGCAATCGCTGAGG
AT5G41990,AT5G41990_Amplicon037:gRNA02,AACAGCAATCGCTGAGGAAATGG
AT5G41990,AT5G41990_Amplicon038:gRNA01,CTCTCCACGTCTAACCCATGAGG
AT5G41990,AT5G41990_Amplicon039:gRNA01,AATAAAGAGTTCAGGTTGAGAGG
AT5G41990,AT5G41990_Amplicon039:gRNA02,CCCAAACCATTGAACTTCAGAGG
AT5G41990,AT5G41990_Amplicon040:gRNA01,ATCCCAAGGCCATCAAGAACTGG
AT5G41990,AT5G41990_Amplicon040:gRNA02,TGGGCAAGGCAGATTCTCAAAGG
AT5G41990,AT5G41990_Amplicon041:gRNA01,CACAGCAACAGCAATCGCTGAGG
AT5G41990,AT5G41990_Amplicon042:gRNA01,CTCGTTATGATCCACATCCATGG
AT5G41990,AT5G41990_Amplicon043:gRNA01,CGATGATGTCACAGCGTCTATGG
AT5G41990,AT5G41990_Amplicon044:gRNA01,AACATAAAGCCTCAGTCTCTTGG
AT5G41990,AT5G41990_Amplicon044:gRNA02,AAGTTGACGATCCTCAAGTTAGG
AT5G41990,AT5G41990_Amplicon045:gRNA01,CTCTCCACGTCTAACCCATGAGG
AT5G41990,AT5G41990_Amplicon046:gRNA01,ACTGCATTTAACTAGCCAAGAGG
AT5G41990,AT5G41990_Amplicon046:gRNA02,AATCGCTGAGGAAATGGTTGAGG
AT5G55560,AT5G55560_Amplicon001:gRNA01,CCATGAACTCTGGTGTCCCGAGG
AT5G55560,AT5G55560_Amplicon001:gRNA02,TAGTTCTCCTCGTACAGCTCAGG
AT5G55560,AT5G55560_Amplicon002:gRNA01,GTGGTCCAAACAGATTCTCAAGG
AT5G55560,AT5G55560_Amplicon002:gRNA02,CTATGAGGGCTTTGAAGAAGTGG
AT5G55560,AT5G55560_Amplicon003:gRNA01,AGACGTGTCTGTGCTTCTTCCGG
AT5G55560,AT5G55560_Amplicon003:gRNA02,CTATGAGGGCTTTGAAGAAGTGG
AT5G55560,AT5G55560_Amplicon004:gRNA01,CGTCTCTCCACACTTTATACAGG
AT5G55560,AT5G55560_Amplicon004:gRNA02,TGATGATGTTACTGTTCTTAAGG
AT5G55560,AT5G55560_Amplicon005:gRNA01,ATGGTTGACATATACTCGTATGG
AT5G55560,AT5G55560_Amplicon005:gRNA02,CGAGGAGAACTACACTGAGATGG
AT5G55560,AT5G55560_Amplicon006:gRNA01,TTAACTTTGTTGAGAGCCTCTGG
AT5G55560,AT5G55560_Amplicon006:gRNA02,TGTTGAGAGCCTCTGGTTTGAGG
AT5G55560,AT5G55560_Amplicon007:gRNA01,TCATCACCCTGTATAAAGTGTGG
AT5G55560,AT5G55560_Amplicon007:gRNA02,CGTCTCTCCACACTTTATACAGG
AT5G55560,AT5G55560_Amplicon008:gRNA01,GAGCAAAGGCCTCAAACCAGAGG
AT5G55560,AT5G55560_Amplicon008:gRNA02,TTAACTTTGTTGAGAGCCTCTGG
AT5G55560,AT5G55560_Amplicon009:gRNA01,TAGTTCTCCTCGTACAGCTCAGG
AT5G55560,AT5G55560_Amplicon009:gRNA02,CGAGGAGAACTACACTGAGATGG
AT5G55560,AT5G55560_Amplicon010:gRNA01,GTGGTCCAAACAGATTCTCAAGG
AT5G55560,AT5G55560_Amplicon010:gRNA02,TGATGCAAGGGTCGTGAGTGTGG
AT5G55560,AT5G55560_Amplicon011:gRNA01,TCATCACCCTGTATAAAGTGTGG
AT5G55560,AT5G55560_Amplicon011:gRNA02,GATCTCGGTGATGAAGTTCAAGG
AT5G55560,AT5G55560_Amplicon012:gRNA01,CAAACAGATTCTCAAGGGCTTGG
AT5G55560,AT5G55560_Amplicon012:gRNA02,CTATGAGGGCTTTGAAGAAGTGG
AT5G55560,AT5G55560_Amplicon013:gRNA01,TGATGCAAGGGTCGTGAGTGTGG
AT5G55560,AT5G55560_Amplicon013:gRNA02,CAAACAGATTCTCAAGGGCTTGG
AT5G55560,AT5G55560_Amplicon014:gRNA01,TCATCACCCTGTATAAAGTGTGG
AT5G55560,AT5G55560_Amplicon014:gRNA02,GATCTCGGTGATGAAGTTCAAGG
AT5G55560,AT5G55560_Amplicon015:gRNA01,ATCTTCGTCAATGGCAACATCGG
AT5G55560,AT5G55560_Amplicon015:gRNA02,TGTAGCAATATCTTCGTCAATGG
AT5G55560,AT5G55560_Amplicon016:gRNA01,TCTAGGTTTAGCTGCAATTGTGG
AT5G55560,AT5G55560_Amplicon017:gRNA01,TGATGATGTTACTGTTCTTAAGG
AT5G55560,AT5G55560_Amplicon018:gRNA01,GCGTCGCCAAAATATACAAAAGG
AT5G55560,AT5G55560_Amplicon018:gRNA02,ATATACAAAAGGGTGAGCAAAGG
AT5G55560,AT5G55560_Amplicon019:gRNA01,ACGCTGTCACATTCGCTATAAGG
AT5G55560,AT5G55560_Amplicon020:gRNA01,CCATGAACTCTGGTGTCCCGAGG
AT5G55560,AT5G55560_Amplicon020:gRNA02,TAGTTCTCCTCGTACAGCTCAGG
AT5G55560,AT5G55560_Amplicon021:gRNA01,TTAACTTTGTTGAGAGCCTCTGG
AT5G55560,AT5G55560_Amplicon021:gRNA02,TGTTGAGAGCCTCTGGTTTGAGG
AT5G55560,AT5G55560_Amplicon022:gRNA01,ATCTTCGTCAATGGCAACATCGG
AT5G55560,AT5G55560_Amplicon022:gRNA02,CGAAGATATTGCTACAGTTGAGG
AT5G55560,AT5G55560_Amplicon023:gRNA01,TGATGCAAGGGTCGTGAGTGTGG
AT5G55560,AT5G55560_Amplicon024:gRNA01,ATCACCGAGATCTGTACCTCCGG
AT5G55560,AT5G55560_Amplicon024:gRNA02,GCTTCTTCCGGTACTCTCTCAGG
AT5G55560,AT5G55560_Amplicon025:gRNA01,ACGCTGTCACATTCGCTATAAGG
AT5G55560,AT5G55560_Amplicon026:gRNA01,CGAGTAAAGCCTCTCGGTCATGG
AT5G55560,AT5G55560_Amplicon026:gRNA02,AGAGGCTTTACTCGGAGGTCAGG
AT5G55560,AT5G55560_Amplicon027:gRNA01,ATCACCGAGATCTGTACCTCCGG
AT5G55560,AT5G55560_Amplicon027:gRNA02,GATCTCGGTGATGAAGTTCAAGG
AT5G55560,AT5G55560_Amplicon028:gRNA01,CCGGTACTCTCTCAGGTTTCCGG
AT5G55560,AT5G55560_Amplicon028:gRNA02,AGACGTGTCTGTGCTTCTTCCGG
AT5G55560,AT5G55560_Amplicon029:gRNA01,TAGTTCTCCTCGTACAGCTCAGG
AT5G55560,AT5G55560_Amplicon029:gRNA02,ATGGTTGACATATACTCGTATGG
AT5G55560,AT5G55560_Amplicon030:gRNA01,TTAACTTTGTTGAGAGCCTCTGG
AT5G55560,AT5G55560_Amplicon031:gRNA01,CGTCTCTCCACACTTTATACAGG
AT5G55560,AT5G55560_Amplicon031:gRNA02,TGATGATGTTACTGTTCTTAAGG
AT5G55560,AT5G55560_Amplicon032:gRNA01,ATCTTCGTCAATGGCAACATCGG
AT5G55560,AT5G55560_Amplicon033:gRNA01,GATCTCGGTGATGAAGTTCAAGG
AT5G55560,AT5G55560_Amplicon033:gRNA02,GTACTCTCTCAGGTTTCCGGAGG
AT5G55560,AT5G55560_Amplicon034:gRNA01,CATGGCTCCTGAGCTGTACGAGG
AT5G55560,AT5G55560_Amplicon034:gRNA02,ATGGTTGACATATACTCGTATGG
AT5G55560,AT5G55560_Amplicon035:gRNA01,GTGGTCCAAACAGATTCTCAAGG
AT5G55560,AT5G55560_Amplicon035:gRNA02,CAAACAGATTCTCAAGGGCTTGG
AT5G55560,AT5G55560_Amplicon036:gRNA01,ATCTTCGTCAATGGCAACATCGG
AT5G55560,AT5G55560_Amplicon036:gRNA02,CGAAGATATTGCTACAGTTGAGG
AT5G55560,AT5G55560_Amplicon037:gRNA01,GCACAGACACGTCTCTATGAGGG
AT5G55560,AT5G55560_Amplicon037:gRNA02,CCGGTACTCTCTCAGGTTTCCGG
AT5G55560,AT5G55560_Amplicon038:gRNA01,CGAGTAAAGCCTCTCGGTCATGG
AT5G55560,AT5G55560_Amplicon038:gRNA02,AGAGGCTTTACTCGGAGGTCAGG
AT5G55560,AT5G55560_Amplicon039:gRNA01,ATGATCCAGCCATGACCGAGAGG
AT5G55560,AT5G55560_Amplicon040:gRNA01,ATCTTCGTCAATGGCAACATCGG
AT5G55560,AT5G55560_Amplicon040:gRNA02,CGAAGATATTGCTACAGTTGAGG
AT5G55560,AT5G55560_Amplicon041:gRNA01,ATCACCGAGATCTGTACCTCCGG
AT5G55560,AT5G55560_Amplicon041:gRNA02,GCTTCTTCCGGTACTCTCTCAGG
AT5G55560,AT5G55560_Amplicon042:gRNA01,CCATGAACTCTGGTGTCCCGAGG
AT5G55560,AT5G55560_Amplicon042:gRNA02,CGAGGATCGAGTGAGCTAAATGG
AT5G55560,AT5G55560_Amplicon043:gRNA01,GCGTCGCCAAAATATACAAAAGG
AT5G55560,AT5G55560_Amplicon043:gRNA02,ACGCTGTCACATTCGCTATAAGG
AT5G55560,AT5G55560_Amplicon044:gRNA01,CCGGTACTCTCTCAGGTTTCCGG
AT5G55560,AT5G55560_Amplicon044:gRNA02,GATCTCGGTGATGAAGTTCAAGG
AT5G55560,AT5G55560_Amplicon045:gRNA01,CCATGAACTCTGGTGTCCCGAGG
AT5G55560,AT5G55560_Amplicon045:gRNA02,CGAGGATCGAGTGAGCTAAATGG
AT5G55560,AT5G55560_Amplicon046:gRNA01,TGATGCAAGGGTCGTGAGTGTGG
AT5G55560,AT5G55560_Amplicon046:gRNA02,CGAAGATATTGCTACAGTTGAGG
AT5G58350,AT5G58350_Amplicon001:gRNA01,CTCTCTTTGAGGCAGACACGAGG
AT5G58350,AT5G58350_Amplicon001:gRNA02,TCGAGGCACAGAGGTTCATCGGG
AT5G58350,AT5G58350_Amplicon002:gRNA01,CTCTCTTTGAGGCAGACACGAGG
AT5G58350,AT5G58350_Amplicon003:gRNA01,CCAACTCTGTAAAATGCTCCTGG
AT5G58350,AT5G58350_Amplicon003:gRNA02,TTACAGAGTTGGAGACATCGAGG
AT5G58350,AT5G58350_Amplicon004:gRNA01,TGAAATGGACACACTGAAGTTGG
AT5G58350,AT5G58350_Amplicon004:gRNA02,TTCTCGTTCAAGAAGGGCTTTGG
AT5G58350,AT5G58350_Amplicon005:gRNA01,GACTCATCGGAGGCAAGAAATGG
AT5G58350,AT5G58350_Amplicon006:gRNA01,ATCTTTGTGAATGGGCATCTTGG
AT5G58350,AT5G58350_Amplicon006:gRNA02,CAAGTCAAAATTGGTGATCTTGG
AT5G58350,AT5G58350_Amplicon007:gRNA01,TAACAGGAGGGTCGTGCTCGTGG
AT5G58350,AT5G58350_Amplicon008:gRNA01,TCTTGTAAATCTGTGCCGGATGG
AT5G58350,AT5G58350_Amplicon008:gRNA02,AGATTTACAAGAAAGTTGTTGGG
AT5G58350,AT5G58350_Amplicon009:gRNA01,TACCATCCAGGACTCATCGGAGG
AT5G58350,AT5G58350_Amplicon009:gRNA02,GACTCATCGGAGGCAAGAAATGG
AT5G58350,AT5G58350_Amplicon010:gRNA01,GAGCAATCAAGTCCTGGGCTCGG
AT5G58350,AT5G58350_Amplicon010:gRNA02,TGGGCTCGGCAAATCTTGGAAGG
AT5G58350,AT5G58350_Amplicon011:gRNA01,GGCTCGAGGCCTTCAAGATTGGG
AT5G58350,AT5G58350_Amplicon011:gRNA02,TTGGGAAGATGACGCGTGCGAGG
AT5G58350,AT5G58350_Amplicon012:gRNA01,CATTTCATTCTCGTTCAAGAAGG
AT5G58350,AT5G58350_Amplicon012:gRNA02,AGTTGGAAGATGATGAGTTAAGG
AT5G58350,AT5G58350_Amplicon013:gRNA01,CCAACTCTGTAAAATGCTCCTGG
AT5G58350,AT5G58350_Amplicon013:gRNA02,TTACAGAGTTGGAGACATCGAGG
AT5G58350,AT5G58350_Amplicon014:gRNA01,TACCATCCAGGACTCATCGGAGG
AT5G58350,AT5G58350_Amplicon014:gRNA02,GACTCATCGGAGGCAAGAAATGG
AT5G58350,AT5G58350_Amplicon015:gRNA01,GGTGTCTGATTGGAAGTATGAGG
AT5G58350,AT5G58350_Amplicon015:gRNA02,ATGACGATGATGATCATGAGGGG
AT5G58350,AT5G58350_Amplicon016:gRNA01,GGCTCGAGGCCTTCAAGATTGGG
AT5G58350,AT5G58350_Amplicon016:gRNA02,CTCTCGAACTATATGGCTCGAGG
AT5G58350,AT5G58350_Amplicon017:gRNA01,TACTTCCATTGATGTTGCAAAGG
AT5G58350,AT5G58350_Amplicon017:gRNA02,CATTGATGTTGCAAAGGAGATGG
AT5G58350,AT5G58350_Amplicon018:gRNA01,GAGCAATCAAGTCCTGGGCTCGG
AT5G58350,AT5G58350_Amplicon018:gRNA02,ATATCCGAGCAATCAAGTCCTGG
AT5G58350,AT5G58350_Amplicon019:gRNA01,ATCTTTGTGAATGGGCATCTTGG
AT5G58350,AT5G58350_Amplicon019:gRNA02,CAAAGATATTATCACACTTAAGG
AT5G58350,AT5G58350_Amplicon020:gRNA01,ATGTCCATCGCTGGGAAGCTGGG
AT5G58350,AT5G58350_Amplicon020:gRNA02,AGTTGGAAGATGATGAGTTAAGG
AT5G58350,AT5G58350_Amplicon021:gRNA01,TTCTCGTTCAAGAAGGGCTTTGG
AT5G58350,AT5G58350_Amplicon021:gRNA02,CTTCTTGAACGAGAATGAAATGG
AT5G58350,AT5G58350_Amplicon022:gRNA01,TTGGGAAGATGACGCGTGCGAGG
AT5G58350,AT5G58350_Amplicon022:gRNA02,GGAAGAAGAGTGAAAAGAATCGG
AT5G58350,AT5G58350_Amplicon023:gRNA01,AACAGCTATGTAGTTGAGGTTGG
AT5G58350,AT5G58350_Amplicon024:gRNA01,GGTGTCTGATTGGAAGTATGAGG
AT5G58350,AT5G58350_Amplicon024:gRNA02,TGATGGAGCGATTTCTTCTTTGG
AT5G58350,AT5G58350_Amplicon025:gRNA01,ATGACGATGATGATCATGAGGGG
AT5G58350,AT5G58350_Amplicon026:gRNA01,CTCTCTTTGAGGCAGACACGAGG
AT5G58350,AT5G58350_Amplicon026:gRNA02,TCGAGGCACAGAGGTTCATCGGG
AT5G58350,AT5G58350_Amplicon027:gRNA01,ATGGTATACACGAGCGGTGCTGG
AT5G58350,AT5G58350_Amplicon027:gRNA02,GACTCATCGGAGGCAAGAAATGG
AT5G58350,AT5G58350_Amplicon028:gRNA01,ATGGTATACACGAGCGGTGCTGG
AT5G58350,AT5G58350_Amplicon028:gRNA02,GACTCATCGGAGGCAAGAAATGG
AT5G58350,AT5G58350_Amplicon029:gRNA01,ATCGAGGCACAGAGGTTCATCGG
AT5G58350,AT5G58350_Amplicon029:gRNA02,CCAACTCTGTAAAATGCTCCTGG
AT5G58350,AT5G58350_Amplicon030:gRNA01,GGTGTCTGATTGGAAGTATGAGG
AT5G58350,AT5G58350_Amplicon030:gRNA02,ATGACGATGATGATCATGAGGGG
AT5G58350,AT5G58350_Amplicon031:gRNA01,GGTTGGAGTAAGACCCTGAATGG
AT5G58350,AT5G58350_Amplicon031:gRNA02,CATCAACAGCTATGTAGTTGAGG
AT5G58350,AT5G58350_Amplicon032:gRNA01,TTGGGAAGATGACGCGTGCGAGG
AT5G58350,AT5G58350_Amplicon033:gRNA01,TGAAGATAACAAAATCGATCTGG
AT5G58350,AT5G58350_Amplicon034:gRNA01,GGCTCGAGGCCTTCAAGATTGGG
AT5G58350,AT5G58350_Amplicon035:gRNA01,CAGATTTACAAGAAAGTTGTTGG
AT5G58350,AT5G58350_Amplicon036:gRNA01,CTCATTGACGTATATTCCTTTGG
AT5G58350,AT5G58350_Amplicon036:gRNA02,CATGGCACCAGAATTATATGAGG
AT5G58350,AT5G58350_Amplicon037:gRNA01,TTCTCGTTCAAGAAGGGCTTTGG
AT5G58350,AT5G58350_Amplicon037:gRNA02,ATTTCATTCTCGTTCAAGAAGGG
AT5G58350,AT5G58350_Amplicon038:gRNA01,TAACAGGAGGGTCGTGCTCGTGG
AT5G58350,AT5G58350_Amplicon039:gRNA01,AGTATCATTCATGATGTCAAAGG
AT5G58350,AT5G58350_Amplicon039:gRNA02,CATTGATGTTGCAAAGGAGATGG
AT5G58350,AT5G58350_Amplicon040:gRNA01,ATCTTTGTGAATGGGCATCTTGG
AT5G58350,AT5G58350_Amplicon040:gRNA02,CAAGTCAAAATTGGTGATCTTGG
AT5G58350,AT5G58350_Amplicon041:gRNA01,GGAAGAAGAGTGAAAAGAATCGG
AT5G58350,AT5G58350_Amplicon042:gRNA01,CCAACTCTGTAAAATGCTCCTGG
AT5G58350,AT5G58350_Amplicon043:gRNA01,CTCTCTTTGAGGCAGACACGAGG
AT5G58350,AT5G58350_Amplicon044:gRNA01,ATGGTATACACGAGCGGTGCTGG
AT5G58350,AT5G58350_Amplicon044:gRNA02,GACTCATCGGAGGCAAGAAATGG
AT5G58350,AT5G58350_Amplicon045:gRNA01,GAGCAATCAAGTCCTGGGCTCGG
AT5G58350,AT5G58350_Amplicon045:gRNA02,ATATCCGAGCAATCAAGTCCTGG
AT5G58350,AT5G58350_Amplicon046:gRNA01,CTCTCGAACTATATGGCTCGAGG
AT5G58350,AT5G58350_Amplicon046:gRNA02,ATAGTTCGAGAGTGAAGCTTGGG
AT5G58350,AT5G58350_Amplicon047:gRNA01,CTCTCTTTGAGGCAGACACGAGG
AT5G58350,AT5G58350_Amplicon048:gRNA01,AATGCTGCGGGACTGCCACTCGG
AT5G58350,AT5G58350_Amplicon048:gRNA02,CAATGATGCTATGGGCCGAGTGG
AT5G58350,AT5G58350_Amplicon049:gRNA01,CAATGATGCTATGGGCCGAGTGG
AT5G58350,AT5G58350_Amplicon050:gRNA01,AGTTGGAAGATGATGAGTTAAGG
AT5G58350,AT5G58350_Amplicon051:gRNA01,TGATGGAGCGATTTCTTCTTTGG
AT5G58350,AT5G58350_Amplicon051:gRNA02,TTTCTTCTTTGGTGTCTGATTGG
AT5G58350,AT5G58350_Amplicon052:gRNA01,TGGTCTTGCAAGAATGCTGCGGG
AT5G58350,AT5G58350_Amplicon052:gRNA02,CAATGATGCTATGGGCCGAGTGG
AT5G58350,AT5G58350_Amplicon053:gRNA01,TGATGGAGCGATTTCTTCTTTGG
AT5G58350,AT5G58350_Amplicon053:gRNA02,GAGATTGCTAAAATGATTGATGG
AT5G58350,AT5G58350_Amplicon054:gRNA01,CTCCAAAAAGCACATACCAAAGG
AT5G58350,AT5G58350_Amplicon055:gRNA01,TCTTGTAAATCTGTGCCGGATGG
AT5G58350,AT5G58350_Amplicon055:gRNA02,AGATTTACAAGAAAGTTGTTGGG
AT5G58350,AT5G58350_Amplicon056:gRNA01,GGAAGAAGAGTGAAAAGAATCGG
AT5G58350,AT5G58350_Amplicon057:gRNA01,ATGTCCATCGCTGGGAAGCTGGG
AT5G58350,AT5G58350_Amplicon057:gRNA02,TGAAGATAACAAAATCGATCTGG
AT5G58350,AT5G58350_Amplicon058:gRNA01,AGTATCATTCATGATGTCAAAGG
AT5G58350,AT5G58350_Amplicon058:gRNA02,AAAGGGAAAGAATACATTATTGG
AT5G58350,AT5G58350_Amplicon059:gRNA01,AACAGCTATGTAGTTGAGGTTGG
AT5G58350,AT5G58350_Amplicon060:gRNA01,AGGACCGAGATGTCCATCGCTGG
AT5G58350,AT5G58350_Amplicon060:gRNA02,TGAAATGGACACACTGAAGTTGG
