AT1G49160,AT1G49160_Amplicon001_fwd,AGGACCACCTAATGCTCGGA
AT1G49160,AT1G49160_Amplicon001_rev,AAAGTTTCCTCGCTTTGCCC
AT1G49160,AT1G49160_Amplicon002_fwd,TTCTTTTTGGCGTGTAGGGC
AT1G49160,AT1G49160_Amplicon002_rev,ACACGTCAATCAATTCCGCT
AT1G49160,AT1G49160_Amplicon003_fwd,TGGAGTTGTGTTTAAAGCAGCG
AT1G49160,AT1G49160_Amplicon003_rev,TCGGCGGATCTTGACTATGT
AT1G49160,AT1G49160_Amplicon004_fwd,AGCAGCGAAATCTTGGTTTTCT
AT1G49160,AT1G49160_Amplicon004_rev,CTCGGTGTATTATCGGCGGA
AT1G49160,AT1G49160_Amplicon005_fwd,CCGCCGATAATACACCGAGA
AT1G49160,AT1G49160_Amplicon005_rev,AGCATTGCTCATACCAATCACA
AT1G49160,AT1G49160_Amplicon006_fwd,TATGTCGCCGCGAAAATAGC
AT1G49160,AT1G49160_Amplicon006_rev,TCTGTCTCGCCCAACACT
AT1G49160,AT1G49160_Amplicon007_fwd,TGAAAATGGTAAGAGTCTTTTGCGT
AT1G49160,AT1G49160_Amplicon007_rev,GCCCTACACGCCAAAAAGAA
AT1G49160,AT1G49160_Amplicon008_fwd,GGGCAAAGCGAGGAAACTTT
AT1G49160,AT1G49160_Amplicon008_rev,TGCATCTAACATTTTCGGTGAAA
AT1G49160,AT1G49160_Amplicon009_fwd,TGGTTTTCTTGAAGGTACCGT
AT1G49160,AT1G49160_Amplicon009_rev,GGTGTATTATCGGCGGATCTTG
AT1G49160,AT1G49160_Amplicon010_fwd,TGGATAACTTACTTGGTGAGTCTT
AT1G49160,AT1G49160_Amplicon010_rev,ACCTTTCGGAAGCTGGCAAT
AT1G49160,AT1G49160_Amplicon011_fwd,GGATTCTTTTCTCAATGTGAACGGT
AT1G49160,AT1G49160_Amplicon011_rev,TGACATCGTTCTATTCCGAGCA
AT1G49160,AT1G49160_Amplicon012_fwd,CGCCGATAATACACCGAGATATCA
AT1G49160,AT1G49160_Amplicon012_rev,AGAAAAAGCATTGCTCATACCAA
AT1G49160,AT1G49160_Amplicon013_fwd,TTTCTCAATGTGAACGGTTTAGTT
AT1G49160,AT1G49160_Amplicon013_rev,TCTATTCCGAGCATTAGGTGGT
AT1G49160,AT1G49160_Amplicon014_fwd,TTCAAGCAACAATTCAGGAACA
AT1G49160,AT1G49160_Amplicon014_rev,AAACGCAAAAGACTCTTACCATT
AT1G49160,AT1G49160_Amplicon015_fwd,TGGTAAGAGTCTTTTGCGTTTATATTT
AT1G49160,AT1G49160_Amplicon015_rev,CACGCCCTACACGCCAAA
AT1G49160,AT1G49160_Amplicon016_fwd,ACTACAACGAGCTCGCTG
AT1G49160,AT1G49160_Amplicon016_rev,TTGAAAATATCGAACTTACCGATGAA
AT1G49160,AT1G49160_Amplicon017_fwd,TGTGAACGGTTTAGTTATGAACAA
AT1G49160,AT1G49160_Amplicon017_rev,AGATTCATTGACATCGTTCTATTCC
AT1G64630,AT1G64630_Amplicon001_fwd,CAAGAATGCGCATTGCTCCA
AT1G64630,AT1G64630_Amplicon001_rev,AAACAGACCAGATGAGCCCG
AT1G64630,AT1G64630_Amplicon002_fwd,CTTCGACACAGGGATCGTCC
AT1G64630,AT1G64630_Amplicon002_rev,AGGAGCTGGGAGAAGACACT
AT1G64630,AT1G64630_Amplicon003_fwd,AGTGTCTTCTCCCAGCTCCT
AT1G64630,AT1G64630_Amplicon003_rev,GGTGGCATTGCAGGTTTGAA
AT1G64630,AT1G64630_Amplicon004_fwd,GCAAGAAGCACCGCAAAGTT
AT1G64630,AT1G64630_Amplicon004_rev,CGCACTTAAGGTCACGGTGA
AT1G64630,AT1G64630_Amplicon005_fwd,TTCAAACCTGCAATGCCACC
AT1G64630,AT1G64630_Amplicon005_rev,ACCCTCTGGACTTCCATGGT
AT1G64630,AT1G64630_Amplicon006_fwd,CACAGGGATCGTCCTTGACC
AT1G64630,AT1G64630_Amplicon006_rev,TGGTCTAGAAGGAGCTGGGA
AT1G64630,AT1G64630_Amplicon007_fwd,GCAAGAGCAGTTACAGGGGA
AT1G64630,AT1G64630_Amplicon007_rev,GCATTAGGCAGGCTTCGATT
AT1G64630,AT1G64630_Amplicon008_fwd,TCCCAGCTCCTTCTAGACCA
AT1G64630,AT1G64630_Amplicon008_rev,CACACTGTGGTGGCATTGC
AT1G64630,AT1G64630_Amplicon009_fwd,GCAGCCAAGAATGCGCATT
AT1G64630,AT1G64630_Amplicon009_rev,CGATCCGCAGAGCCATTGAT
AT1G64630,AT1G64630_Amplicon010_fwd,ACTCCTTGCAGTAGATGGCG
AT1G64630,AT1G64630_Amplicon010_rev,AGCAGAAGAGCAGATGGAAACA
AT1G64630,AT1G64630_Amplicon011_fwd,TGTTTCCATCTGCTCTTCTGCT
AT1G64630,AT1G64630_Amplicon011_rev,GCCATTGATGCTGCCACATC
AT1G64630,AT1G64630_Amplicon012_fwd,CGCCAAGGACTCCACTCTTA
AT1G64630,AT1G64630_Amplicon012_rev,GCATTCTTGGCTGCTTTTAGC
AT1G64630,AT1G64630_Amplicon013_fwd,GCTAAAAGCAGCCAAGAATGC
AT1G64630,AT1G64630_Amplicon013_rev,GCAGAGCCATTGATGCTGC
AT1G64630,AT1G64630_Amplicon014_fwd,GGACTCCACTCTTACTGCTTCA
AT1G64630,AT1G64630_Amplicon014_rev,AATGCGCATTCTTGGCTGC
AT1G64630,AT1G64630_Amplicon015_fwd,CAGTAGATGGCGCCAAGGAC
AT1G64630,AT1G64630_Amplicon015_rev,GCTTTTAGCAGAAGAGCAGATGG
AT1G64630,AT1G64630_Amplicon016_fwd,CGCATTGCTCCAGACCATG
AT1G64630,AT1G64630_Amplicon016_rev,CCAGATGAGCCCGCGATC
AT1G64630,AT1G64630_Amplicon017_fwd,ACACAACATTCAAACCTGCAA
AT1G64630,AT1G64630_Amplicon017_rev,GTCTGGAGCAATGCGCATTC
AT1G64630,AT1G64630_Amplicon018_fwd,CCATCTGCTCTTCTGCTAAAAGC
AT1G64630,AT1G64630_Amplicon018_rev,GATGCTGCCACATCATCTCT
AT1G64630,AT1G64630_Amplicon019_fwd,GGAAGTCCAGAGGGTTGCTG
AT1G64630,AT1G64630_Amplicon019_rev,TGGCCATAAGATATCGTGAAACA
AT1G64630,AT1G64630_Amplicon020_fwd,GCAGTTACAGGGGAGATGGT
AT1G64630,AT1G64630_Amplicon020_rev,CCTTGGACTGATATACACTGTTTGC
AT1G64630,AT1G64630_Amplicon021_fwd,AATACAAGTGTTTCCATCTGCTCT
AT1G64630,AT1G64630_Amplicon021_rev,TCTCCTCTCTCCACTCAGCT
AT1G64630,AT1G64630_Amplicon022_fwd,CTCTAGAGCTCCTGAAGGACCA
AT1G64630,AT1G64630_Amplicon022_rev,TAGGACGATATTCACACTGTGG
AT1G64630,AT1G64630_Amplicon023_fwd,GTCCAGAGGGTTGCTGAAAGT
AT1G64630,AT1G64630_Amplicon023_rev,CCATAAGATATCGTGAAACAGACCA
AT1G64630,AT1G64630_Amplicon024_fwd,GAGGGTTGCTGAAAGTACCGA
AT1G64630,AT1G64630_Amplicon024_rev,AGAAAATGGCCATAAGATATCGTG
AT1G64630,AT1G64630_Amplicon025_fwd,CCACAGTGTGAATATCGTCCTA
AT1G64630,AT1G64630_Amplicon025_rev,GCTTGAATTCGGTACTTTCAGCA
AT1G64630,AT1G64630_Amplicon026_fwd,AGACACAGCAAGAGCAGTTACA
AT1G64630,AT1G64630_Amplicon026_rev,ACTGATATACACTGTTTGCATTAGGC
AT1G64630,AT1G64630_Amplicon027_fwd,TTCATCAAACACAACATTCAAACC
AT1G64630,AT1G64630_Amplicon027_rev,CATGGTCTGGAGCAATGCG
AT1G64630,AT1G64630_Amplicon028_fwd,TGATCTGTCAAGCCATGAGGT
AT1G64630,AT1G64630_Amplicon028_rev,TCTTCATCCTTGGACTGATATACACT
AT1G64630,AT1G64630_Amplicon029_fwd,TTATATCAGGTCAAGCGAGAAAAGT
AT1G64630,AT1G64630_Amplicon029_rev,TCACAGTAACCTCATGGCTTGA
AT1G64630,AT1G64630_Amplicon030_fwd,TGATAGATGAACTGATAATGAAGCTG
AT1G64630,AT1G64630_Amplicon030_rev,CGTTTGAGGAGACCCGATGG
AT1G64630,AT1G64630_Amplicon031_fwd,TGCATATTTTCGAATTGCTTAATGACA
AT1G64630,AT1G64630_Amplicon031_rev,ACCTCATGGCTTGACAGATCA
AT1G64630,AT1G64630_Amplicon032_fwd,AGCGAGAAAAGTTGATTTTGACT
AT1G64630,AT1G64630_Amplicon032_rev,GCCTTCAGCTTCATTATCAGTTCA
AT1G64630,AT1G64630_Amplicon033_fwd,CGTGACCTTAAGTGCGACA
AT1G64630,AT1G64630_Amplicon033_rev,ACCAACAAGACTTAAAGAGGTTTTAA
AT3G04910,AT3G04910_Amplicon001_fwd,TCGAAGAATGTCTTGCGGCT
AT3G04910,AT3G04910_Amplicon001_rev,TTGCCCCAGGATTGGTTCTC
AT3G04910,AT3G04910_Amplicon002_fwd,AGAAATGCTTGGCCACCGTA
AT3G04910,AT3G04910_Amplicon002_rev,TATAGAGTGGCCCGACCGAA
AT3G04910,AT3G04910_Amplicon003_fwd,TGCAACAGAGATGGTAGCGG
AT3G04910,AT3G04910_Amplicon003_rev,AGCCGCAAGACATTCTTCGA
AT3G04910,AT3G04910_Amplicon004_fwd,AAATGGCAACTACCCGTCGA
AT3G04910,AT3G04910_Amplicon004_rev,TTCAAAGAGCTCGATGCCGT
AT3G04910,AT3G04910_Amplicon005_fwd,CTCACGGCATCGAGCTCTTT
AT3G04910,AT3G04910_Amplicon005_rev,CGCAAGAACAAGCCACCATC
AT3G04910,AT3G04910_Amplicon006_fwd,TATGGAAGATTCGGTCGGGC
AT3G04910,AT3G04910_Amplicon006_rev,TTCGACGGGTAGTTGCCATT
AT3G04910,AT3G04910_Amplicon007_fwd,GGAGACCGGGACCTGAATTC
AT3G04910,AT3G04910_Amplicon007_rev,CACATTTGCCCCAGGATTGG
AT3G04910,AT3G04910_Amplicon008_fwd,CCAATCCTGGGGCAAATGTG
AT3G04910,AT3G04910_Amplicon008_rev,GCTTTCTTGCTGTTGCTGCA
AT3G04910,AT3G04910_Amplicon009_fwd,TGCAGCAACAGCAAGAAAGC
AT3G04910,AT3G04910_Amplicon009_rev,TATCTCGTTACCTGCCTCGC
AT3G04910,AT3G04910_Amplicon010_fwd,GGCCACCGTATCGCTTAGAG
AT3G04910,AT3G04910_Amplicon010_rev,GTGCGGCTGCCTATAGAGTG
AT3G04910,AT3G04910_Amplicon011_fwd,TGCGAGCATTTGCAACAACT
AT3G04910,AT3G04910_Amplicon011_rev,AACCGACCATGAGTCTCACC
AT3G04910,AT3G04910_Amplicon012_fwd,CCGAGGTTCGTCTTAGAGAGC
AT3G04910,AT3G04910_Amplicon012_rev,CGGGGTCTTCGTATAGCACC
AT3G04910,AT3G04910_Amplicon013_fwd,GGTTTGTTGCAGGACGTGTC
AT3G04910,AT3G04910_Amplicon013_rev,CTCACCGTCAATCATGTTGGC
AT3G04910,AT3G04910_Amplicon014_fwd,CAATGGGCTCGGTGATGGAT
AT3G04910,AT3G04910_Amplicon014_rev,GCTCTCTAAGACGAACCTCGG
AT3G04910,AT3G04910_Amplicon015_fwd,GGCTCGGTGATGGATTTCCT
AT3G04910,AT3G04910_Amplicon015_rev,GACGAACCTCGGTTTCTCTGA
AT3G04910,AT3G04910_Amplicon016_fwd,TGGACTGGTTTGTTGCAGGA
AT3G04910,AT3G04910_Amplicon016_rev,TGTGACTCCATGATCGTCCA
AT3G04910,AT3G04910_Amplicon017_fwd,TGGACGATCATGGAGTCACA
AT3G04910,AT3G04910_Amplicon017_rev,AGTTGTTGCAAATGCTCGCA
AT3G04910,AT3G04910_Amplicon018_fwd,GTGCGGTGAGACTCATGGTC
AT3G04910,AT3G04910_Amplicon018_rev,TCGGAATGGTTATGGCCTGA
AT3G04910,AT3G04910_Amplicon019_fwd,TGTACCTAGTTGGAGACCGG
AT3G04910,AT3G04910_Amplicon019_rev,ATCCATCACCGAGCCCATTG
AT3G04910,AT3G04910_Amplicon020_fwd,GCCAACATGATTGACGGTGAG
AT3G04910,AT3G04910_Amplicon020_rev,CCCATTGAGGTGCGGTTTGA
AT3G04910,AT3G04910_Amplicon021_fwd,TCCAGCTGAGACAGAGGAGA
AT3G04910,AT3G04910_Amplicon021_rev,CCTAAGACGCAAGAACAAGCC
AT3G04910,AT3G04910_Amplicon022_fwd,TTGACATTGAGACGGACACC
AT3G04910,AT3G04910_Amplicon022_rev,GAATTCAGGTCCCGGTCTCC
AT3G04910,AT3G04910_Amplicon023_fwd,TCAGAGAAACCGAGGTTCGTC
AT3G04910,AT3G04910_Amplicon023_rev,ACATGTTTTCGGGGTCTTCGT
AT3G04910,AT3G04910_Amplicon024_fwd,GCGGAACTGGATATGGACGA
AT3G04910,AT3G04910_Amplicon024_rev,CGCAGCCGCAAGACATTC
AT3G04910,AT3G04910_Amplicon025_fwd,ACAGAGATGGTAGCGGAACTG
AT3G04910,AT3G04910_Amplicon025_rev,TTCTTCGAATTCAGGTCCCGG
AT3G04910,AT3G04910_Amplicon026_fwd,CACGATCAGAGAAACCGAGGT
AT3G04910,AT3G04910_Amplicon026_rev,AGCACCTCTTCTTCCTCCTC
AT3G04910,AT3G04910_Amplicon027_fwd,ACAATGTTGCAGAAACGGGTG
AT3G04910,AT3G04910_Amplicon027_rev,TGGCCTGAATCTATCGAGCT
AT3G04910,AT3G04910_Amplicon028_fwd,TCCTGGGGCAAATGTGATACA
AT3G04910,AT3G04910_Amplicon028_rev,CTGTTGCTGCAGCTTCCATAG
AT3G04910,AT3G04910_Amplicon029_fwd,GAGACTCACGGCATCGAGC
AT3G04910,AT3G04910_Amplicon029_rev,ACCTTCTTTGTCAGCGATCCT
AT3G04910,AT3G04910_Amplicon030_fwd,CTTGGCCACCGTATCGCT
AT3G04910,AT3G04910_Amplicon030_rev,AGATGGTGCGGCTGCCTATA
AT3G04910,AT3G04910_Amplicon031_fwd,CAGTACTCAAATGGCAACTACCC
AT3G04910,AT3G04910_Amplicon031_rev,GATGCCGTGAGTCTCCTCTG
AT3G04910,AT3G04910_Amplicon032_fwd,TGGGCGTATAATCCAGCTGAG
AT3G04910,AT3G04910_Amplicon032_rev,AGAACAAGCCACCATCATCTCT
AT3G04910,AT3G04910_Amplicon033_fwd,AGTTCGGTTTCAGGGCAAGA
AT3G04910,AT3G04910_Amplicon033_rev,CGTCTATACGGAGAAAAGGGTC
AT3G04910,AT3G04910_Amplicon034_fwd,AGGCTTACATTATCTTCACAGCC
AT3G04910,AT3G04910_Amplicon034_rev,CAGTGAGCAGCATGGGACTT
AT3G04910,AT3G04910_Amplicon035_fwd,CCCCGAGGTTAAATGTTTCATTGA
AT3G04910,AT3G04910_Amplicon035_rev,GCCCGACCGAATCTTCCATA
AT3G04910,AT3G04910_Amplicon036_fwd,GCATTGAGCGTTGCAACA
AT3G04910,AT3G04910_Amplicon036_rev,AGGTCCCGGTCTCCAACTAG
AT3G04910,AT3G04910_Amplicon037_fwd,GAAACGGGTGCGGTGAGA
AT3G04910,AT3G04910_Amplicon037_rev,GCCTGAATCTATCGAGCTTAGCT
AT3G04910,AT3G04910_Amplicon038_fwd,GGGCAAATGTGATACAATGTTGC
AT3G04910,AT3G04910_Amplicon038_rev,CGCGGCTTTCTTGCTGTTG
AT3G04910,AT3G04910_Amplicon039_fwd,TTGATTCATGGACTGGTTTGTTG
AT3G04910,AT3G04910_Amplicon039_rev,TCGTCCATATCCAGTTCCGC
AT3G04910,AT3G04910_Amplicon040_fwd,GGGACCTGAATTCGAAGAATGTC
AT3G04910,AT3G04910_Amplicon040_rev,TGTATCACATTTGCCCCAGG
AT3G04910,AT3G04910_Amplicon041_fwd,CTGTTTCAAAAGGCTAAAAGTTCGG
AT3G04910,AT3G04910_Amplicon041_rev,ACTCTAAGCGATACGGTGGC
AT3G04910,AT3G04910_Amplicon042_fwd,GCATCGAGCTCTTTGAATCTCG
AT3G04910,AT3G04910_Amplicon042_rev,TCTTTGTCAGCGATCCTAAGAC
AT3G04910,AT3G04910_Amplicon043_fwd,TCGGTGATGGATTTCCTGAGAA
AT3G04910,AT3G04910_Amplicon043_rev,GCTTCCATAGCTCTCTAAGACGA
AT3G04910,AT3G04910_Amplicon044_fwd,AGATGGTAGCGGAACTGGATAT
AT3G04910,AT3G04910_Amplicon044_rev,CCGCAAGACATTCTTCGAATTCA
AT3G04910,AT3G04910_Amplicon045_fwd,TCAGTTGATATGGAAGATTCGGT
AT3G04910,AT3G04910_Amplicon045_rev,ACGGGTAGTTGCCATTTGAGT
AT3G04910,AT3G04910_Amplicon046_fwd,TCAAACCGCACCTCAATGGG
AT3G04910,AT3G04910_Amplicon046_rev,TCTCTGATCGTGATCTCTTCAAA
AT3G04910,AT3G04910_Amplicon047_fwd,TGCAGTTTCTTTCATTTGATTCATGG
AT3G04910,AT3G04910_Amplicon047_rev,TCCGCTACCATCTCTGTTGC
AT3G04910,AT3G04910_Amplicon048_fwd,GTGCAGACAAATCTTGAGAGGC
AT3G04910,AT3G04910_Amplicon048_rev,TTCTTAAAATAGCAGCAAGGCC
AT3G04910,AT3G04910_Amplicon049_fwd,GGACGTGTCCGAAACATTTACT
AT3G04910,AT3G04910_Amplicon049_rev,ACCGTCAATCATGTTGGCTATTT
AT3G04910,AT3G04910_Amplicon050_fwd,GGTTCGTCTTAGAGAGCTATGGA
AT3G04910,AT3G04910_Amplicon050_rev,GGGTCTTCGTATAGCACCTCTTC
AT3G04910,AT3G04910_Amplicon051_fwd,TCATCTCTTTCTGTTTCAAAAGGC
AT3G04910,AT3G04910_Amplicon051_rev,CGATACGGTGGCCAAGCATT
AT3G04910,AT3G04910_Amplicon052_fwd,ACCGGATGCATTGTACAAGGT
AT3G04910,AT3G04910_Amplicon052_rev,TCTTAAATCAAACTCACCATCGTCT
AT3G04910,AT3G04910_Amplicon053_fwd,TTCTTTCATTTGATTCATGGACTGGT
AT3G04910,AT3G04910_Amplicon053_rev,TCCAGTTCCGCTACCATCTC
AT3G04910,AT3G04910_Amplicon054_fwd,AACAGCAAGAAAGCCGCGAG
AT3G04910,AT3G04910_Amplicon054_rev,ATCCAGAACCCGATATATGGTTT
AT3G04910,AT3G04910_Amplicon055_fwd,TGACCCTTTTCTCCGTATAGAC
AT3G04910,AT3G04910_Amplicon055_rev,TCGACGGGTAATTGTAGTAGTCA
AT3G04910,AT3G04910_Amplicon056_fwd,GAGCTCTTTGAATCTCGAAACAA
AT3G04910,AT3G04910_Amplicon056_rev,ATTGTTACCTTCTTTGTCAGCG
AT3G04910,AT3G04910_Amplicon057_fwd,TGCATTGTACAAGGTGAAAGACC
AT3G04910,AT3G04910_Amplicon057_rev,CAACTGATCTTAAATCAAACTCACCA
AT3G04910,AT3G04910_Amplicon058_fwd,TCATAACCTATGAAGAAGAGTGGAA
AT3G04910,AT3G04910_Amplicon058_rev,TGTTGCAACGCTCAATGC
AT3G18750,AT3G18750_Amplicon001_fwd,TCCTCCTACAACACGGCCTA
AT3G18750,AT3G18750_Amplicon001_rev,AATTCCCTCTCTTTGCGCGT
AT3G18750,AT3G18750_Amplicon002_fwd,GTGTCTTGTTGCACAGGGC
AT3G18750,AT3G18750_Amplicon002_rev,ACGTGACGTTCTGGTCAGTT
AT3G18750,AT3G18750_Amplicon003_fwd,CGTCACGTTTATAGCCGAGC
AT3G18750,AT3G18750_Amplicon003_rev,TGTTTCTGTGGCTTTGCTTCG
AT3G18750,AT3G18750_Amplicon004_fwd,TGCTTACTTCCTGCATCCGAA
AT3G18750,AT3G18750_Amplicon004_rev,GGTCTCCAAATGCGCCTTCT
AT3G18750,AT3G18750_Amplicon005_fwd,AGAAGGCGCATTTGGAGACC
AT3G18750,AT3G18750_Amplicon005_rev,CCTGGATCCTGAATTGTCGC
AT3G18750,AT3G18750_Amplicon006_fwd,TTGGACCCTTTTCTGCAACT
AT3G18750,AT3G18750_Amplicon006_rev,TAGGCCGTGTTGTAGGAGGA
AT3G18750,AT3G18750_Amplicon007_fwd,ACCTGGAAAACCGATGTCACA
AT3G18750,AT3G18750_Amplicon007_rev,ACGAGTGACTAACCAACTCACA
AT3G18750,AT3G18750_Amplicon008_fwd,AACTGACCAGAACGTCACGT
AT3G18750,AT3G18750_Amplicon008_rev,GGCTTTGCTTCGTTATGATGACT
AT3G18750,AT3G18750_Amplicon009_fwd,TGTCAACATGATACCCACCTGG
AT3G18750,AT3G18750_Amplicon009_rev,GTCTCCTCTTGTTTCTGTGGC
AT3G18750,AT3G18750_Amplicon010_fwd,TCCCTGTCAATAGTTTACGGACA
AT3G18750,AT3G18750_Amplicon010_rev,AGCCTTTCGGATGCAGGAAG
AT3G18750,AT3G18750_Amplicon011_fwd,AAATCTTTGGTTTCAGCTACCGC
AT3G18750,AT3G18750_Amplicon011_rev,TAATTGGTGGCTCTTGACCGT
AT3G18750,AT3G18750_Amplicon012_fwd,TGAGGAGATCACTGTTATGGAGT
AT3G18750,AT3G18750_Amplicon012_rev,GTGGCTCTTGACCGTGAAGA
AT3G18750,AT3G18750_Amplicon013_fwd,TCTTCTTGGTGATTTCAAGGGA
AT3G18750,AT3G18750_Amplicon013_rev,AGCTCTTTTGCTGACAGCCT
AT3G18750,AT3G18750_Amplicon014_fwd,ACCGATTCTTCTTCTTGGTGATT
AT3G18750,AT3G18750_Amplicon014_rev,TTGCTGACAGCCTTTCGGAT
AT3G18750,AT3G18750_Amplicon015_fwd,ACGCGCAAAGAGAGGGAATT
AT3G18750,AT3G18750_Amplicon015_rev,AATGAATCTTAGCTGGAGCAGA
AT3G18750,AT3G18750_Amplicon016_fwd,AGCGACAATTCAGGATCCAGG
AT3G18750,AT3G18750_Amplicon016_rev,TGGAGCAGAATAAAGAACTGACCA
AT3G18750,AT3G18750_Amplicon017_fwd,ACCCTTTTCTGCAACTAAATGGT
AT3G18750,AT3G18750_Amplicon017_rev,CCGTGTTGTAGGAGGACCTTC
AT3G18750,AT3G18750_Amplicon018_fwd,CTGCTTCACTCTCCAGGGTT
AT3G18750,AT3G18750_Amplicon018_rev,ACCATTTAGTTGCAGAAAAGGG
AT3G18750,AT3G18750_Amplicon019_fwd,GATGGTTGAGCAACTCGAGT
AT3G18750,AT3G18750_Amplicon019_rev,TGATTCAGTTGCGAATGGATGA
AT3G18750,AT3G18750_Amplicon020_fwd,CGGCCTAGTAAAACCTTGTCG
AT3G18750,AT3G18750_Amplicon020_rev,CCTTGAGGACAAAGAAATTCCC
AT3G18750,AT3G18750_Amplicon021_fwd,ACGGACAAGATTTTAACCGATTCT
AT3G18750,AT3G18750_Amplicon021_rev,TTCGGATGCAGGAAGTAAGC
AT3G18750,AT3G18750_Amplicon022_fwd,AGCCGAGCTGATTGATATACTACT
AT3G18750,AT3G18750_Amplicon022_rev,CTGTGGCTTTGCTTCGTTATGA
AT3G18750,AT3G18750_Amplicon023_fwd,AGCAACTCGAGTTAACTGACCA
AT3G18750,AT3G18750_Amplicon023_rev,TGACTTCTTGAGTTCTGATTCAGT
AT3G18750,AT3G18750_Amplicon024_fwd,CCCTTTTCTGCAACTAAATGGTTTAAC
AT3G18750,AT3G18750_Amplicon024_rev,CGACAAGGTTTTACTAGGCCG
AT3G18750,AT3G18750_Amplicon025_fwd,ACCCACCTGGAAAACCGA
AT3G18750,AT3G18750_Amplicon025_rev,TCATGAAAAACAGTCTCCTCTTGT
AT3G18750,AT3G18750_Amplicon026_fwd,TCGAGTTAACTGACCAGAACGT
AT3G18750,AT3G18750_Amplicon026_rev,TCGTTATGATGACTTCTTGAGTTCT
AT3G18750,AT3G18750_Amplicon027_fwd,TCCTTTGCCGCTTCCTGA
AT3G18750,AT3G18750_Amplicon027_rev,TCATCAAGATCTATCGACAAGGTT
AT3G18750,AT3G18750_Amplicon028_fwd,TCTGCAACTAAATGGTTTAACAATGA
AT3G18750,AT3G18750_Amplicon028_rev,AGGTTTTACTAGGCCGTGTTGT
AT3G18750,AT3G18750_Amplicon029_fwd,TCCCTTTCTTCTTATTGAGGAGATCA
AT3G18750,AT3G18750_Amplicon029_rev,ACCGTGAAGATATCTCAAACCCA
AT3G18750,AT3G18750_Amplicon030_fwd,GGAATTTCTTTGTCCTCAAGGG
AT3G18750,AT3G18750_Amplicon030_rev,CGAAGAAAGTAATGAATCTTAGCTGGA
AT3G18750,AT3G18750_Amplicon031_fwd,GATATACTACTTGTCAACATGATACCC
AT3G18750,AT3G18750_Amplicon031_rev,ACAAGTATCATGAAAAACAGTCTCCT
AT3G22420,AT3G22420_Amplicon001_fwd,GCTAACGTGACGTGTAGGCT
AT3G22420,AT3G22420_Amplicon001_rev,GGATGTCTAAGGAACACACCAGT
AT3G22420,AT3G22420_Amplicon002_fwd,GATGGTGTCAGAGCTCGACA
AT3G22420,AT3G22420_Amplicon002_rev,CCTGCAGTGTTGTTGTTCTTG
AT3G22420,AT3G22420_Amplicon003_fwd,CACGCTTTCGAGTTTTGGGT
AT3G22420,AT3G22420_Amplicon003_rev,TCGTTATGTCGAGCTCTGAC
AT3G22420,AT3G22420_Amplicon004_fwd,AGTTTTGGGTAATGTAGGACGGA
AT3G22420,AT3G22420_Amplicon004_rev,TCTGCATCGATCATCTCCGC
AT3G22420,AT3G22420_Amplicon005_fwd,ACGTGTAGGCTAACGGCATT
AT3G22420,AT3G22420_Amplicon005_rev,AGGAACACACCAGTTTCATCA
AT3G22420,AT3G22420_Amplicon006_fwd,AGGGAAGAGAAACGGTGATGA
AT3G22420,AT3G22420_Amplicon006_rev,ACTCGAAAGCGTGTTACGTT
AT3G22420,AT3G22420_Amplicon007_fwd,CAGGGGAAAAAGCCTGAAGC
AT3G22420,AT3G22420_Amplicon007_rev,AGGGTCTTGTAAAAGCTCCAA
AT3G22420,AT3G22420_Amplicon008_fwd,ACATAGTCGTTCTCCACCAATT
AT3G22420,AT3G22420_Amplicon008_rev,GCAACGAACGGCATGTGATT
AT3G22420,AT3G22420_Amplicon009_fwd,TGTCAGAGCTCGACATAACGA
AT3G22420,AT3G22420_Amplicon009_rev,AGAATCCTGCAGTGTTGTTGT
AT3G22420,AT3G22420_Amplicon010_fwd,TGGGTAATGTAGGACGGATAAGG
AT3G22420,AT3G22420_Amplicon010_rev,CGATCATCTCCGCGATTTTCG
AT3G22420,AT3G22420_Amplicon011_fwd,ACTGGTGTGTTCCTTAGACATCC
AT3G22420,AT3G22420_Amplicon011_rev,TCATCACCGTTTCTCTTCCCT
AT3G22420,AT3G22420_Amplicon012_fwd,CGAATCAAGATGTTGCGAAAATCG
AT3G22420,AT3G22420_Amplicon012_rev,ACACTCTCCACAGAATCCTGC
AT3G22420,AT3G22420_Amplicon013_fwd,TTGGACTCGCTGCGATTCTT
AT3G22420,AT3G22420_Amplicon013_rev,AGTAAAGGTAGGTCCAAAGTTGT
AT3G22420,AT3G22420_Amplicon014_fwd,AGCTAATTTGAGGTCAAGTCTTGT
AT3G22420,AT3G22420_Amplicon014_rev,GCCTACACGTCACGTTAGCT
AT3G22420,AT3G22420_Amplicon015_fwd,TAGGCTAACGGCATTGGAGC
AT3G22420,AT3G22420_Amplicon015_rev,TCAAAGGATGTCTAAGGAACACA
AT3G22420,AT3G22420_Amplicon016_fwd,ATTCTTCATTTCAGGGGAAAAAGCC
AT3G22420,AT3G22420_Amplicon016_rev,AAAGCTCCAATGCCGTTAGC
AT3G22420,AT3G22420_Amplicon017_fwd,TGTTCTTGAAGCTAATTTGAGGTCA
AT3G22420,AT3G22420_Amplicon017_rev,CGTTAGCCTACACGTCACGT
AT3G22420,AT3G22420_Amplicon018_fwd,TCATCGGTCTTAAAAACGTAACAC
AT3G22420,AT3G22420_Amplicon018_rev,CTGACACCATCTCAACCGCT
AT3G22420,AT3G22420_Amplicon019_fwd,AGCGGTTGAGATGGTGTCAG
AT3G22420,AT3G22420_Amplicon019_rev,TGTTGTTGTTTACATTTTGGGAACT
AT3G22420,AT3G22420_Amplicon020_fwd,GCATGGAGTGTAGCGGTTGA
AT3G22420,AT3G22420_Amplicon020_rev,TCTGTATCATTTTTCCAATCAGGC
AT3G22420,AT3G22420_Amplicon021_fwd,AATCACATGCCGTTCGTTGC
AT3G22420,AT3G22420_Amplicon021_rev,GGGTTCCTTTAACAACACATAAACA
AT3G22420,AT3G22420_Amplicon022_fwd,ACTTACATTCTTCATTTCAGGGGA
AT3G22420,AT3G22420_Amplicon022_rev,TCCAATGCCGTTAGCCTACA
AT3G22420,AT3G22420_Amplicon023_fwd,CGTAACACGCTTTCGAGTTT
AT3G22420,AT3G22420_Amplicon023_rev,CGATTTTCGCAACATCTTGATTCG
AT3G22420,AT3G22420_Amplicon024_fwd,CGCTTTCGAGTTTTGGGTAATGT
AT3G22420,AT3G22420_Amplicon024_rev,TCTTGATTCGTTATGTCGAGCT
AT3G22420,AT3G22420_Amplicon025_fwd,GTGTTTAGCTAACGTGACGTGT
AT3G22420,AT3G22420_Amplicon025_rev,ACACACCAGTTTCATCATAACCA
AT3G22420,AT3G22420_Amplicon026_fwd,TGGTTGATGTATATGCTTTTGGC
AT3G22420,AT3G22420_Amplicon026_rev,GCTTCAAGAACAAGCAAGTCCA
AT3G22420,AT3G22420_Amplicon027_fwd,GAGTGTAGCGGTTGAGATGGT
AT3G22420,AT3G22420_Amplicon027_rev,TGGGAACTTTCTGTATCATTTTTCCA
AT3G22420,AT3G22420_Amplicon028_fwd,TGATGAAACTGGTGTGTTCCT
AT3G22420,AT3G22420_Amplicon028_rev,TCGACATGATCTTCATCATCGT
AT3G22420,AT3G22420_Amplicon029_fwd,TGATGAAGATCATGTCGACATTTCG
AT3G22420,AT3G22420_Amplicon029_rev,AGCGTGTTACGTTTTTAAGACCG
AT3G22420,AT3G22420_Amplicon030_fwd,GATCGGTGACCTTGGACTCG
AT3G22420,AT3G22420_Amplicon030_rev,CACATAAACATAGTAAAGGTAGGTCCA
AT3G22420,AT3G22420_Amplicon031_fwd,TCTGATGCTGAAGGTATAGTTTCA
AT3G22420,AT3G22420_Amplicon031_rev,TCCATGCAGTATCAATAGCCGT
AT3G22420,AT3G22420_Amplicon032_fwd,TCGATAGTTTTAAAATCATCGGTCTT
AT3G22420,AT3G22420_Amplicon032_rev,TCAACCGCTACACTCCATGC
AT3G22420,AT3G22420_Amplicon033_fwd,ACGGCATTGGAGCTTTTACA
AT3G22420,AT3G22420_Amplicon033_rev,TCATCAATCAAAGGATGTCTAAGGA
AT3G22420,AT3G22420_Amplicon034_fwd,TGCTTGTTCTTGAAGCTAATTTGA
AT3G22420,AT3G22420_Amplicon034_rev,ACACGTCACGTTAGCTAAACAC
AT3G22420,AT3G22420_Amplicon035_fwd,GGATCCTGAGGTTCGTGAGT
AT3G22420,AT3G22420_Amplicon035_rev,ACCATTGTAGTAATCAATAGGTCTCA
AT3G22420,AT3G22420_Amplicon036_fwd,ATACTGCATGGAGTGTAGCG
AT3G22420,AT3G22420_Amplicon036_rev,TGTTTACATTTTGGGAACTTTCTGT
AT3G22420,AT3G22420_Amplicon037_fwd,GCATTGGAGCTTTTACAAGACCC
AT3G22420,AT3G22420_Amplicon037_rev,AACTGATCATGGTAAAGAGGATCA
AT3G22420,AT3G22420_Amplicon038_fwd,TTTTAAAATCATCGGTCTTAAAAACGT
AT3G22420,AT3G22420_Amplicon038_rev,TGTCGAGCTCTGACACCATC
AT3G22420,AT3G22420_Amplicon039_fwd,ACAAGACCCTTTTCTACAAGATGA
AT3G22420,AT3G22420_Amplicon039_rev,TGACGACTCAAACTGATCATGGTA
AT3G22420,AT3G22420_Amplicon040_fwd,GATCAGTTTGAGTCGTCACAGA
AT3G22420,AT3G22420_Amplicon040_rev,TGAAACTATACCTTCAGCATCAGA
AT3G22420,AT3G22420_Amplicon041_fwd,TCTTTATTTACATAGTCGTTCTCCAC
AT3G22420,AT3G22420_Amplicon041_rev,CGAACGGCATGTGATTTACGA
AT3G22420,AT3G22420_Amplicon042_fwd,GGTGCCTGATTGGAAAAATGATAC
AT3G22420,AT3G22420_Amplicon042_rev,TCTCCTGATGATACAGTCTCTTGT
AT3G22420,AT3G22420_Amplicon043_fwd,ACAATGGTTATGATGAAACTGGTGT
AT3G22420,AT3G22420_Amplicon043_rev,ATGATCTTCATCATCGTTAGCGA
AT3G22420,AT3G22420_Amplicon044_fwd,TGATGCTGAAGGTATAGTTTCAATCTT
AT3G22420,AT3G22420_Amplicon044_rev,TGCAGTATCAATAGCCGTCTCAA
AT3G22420,AT3G22420_Amplicon045_fwd,TGCTCTGTTGTTTTGTTAGGTATAGG
AT3G22420,AT3G22420_Amplicon045_rev,AATTGGTGGAGAACGACTATGT
AT3G22420,AT3G22420_Amplicon046_fwd,AGTTTGAGTCGTCACAGATATGTGA
AT3G22420,AT3G22420_Amplicon046_rev,TCAGCATCAGATATTCTAAGTCTCA
AT3G22420,AT3G22420_Amplicon047_fwd,TCGCTAACGATGATGAAGATCA
AT3G22420,AT3G22420_Amplicon047_rev,AGACCGATGATTTTAAAACTATCGAA
AT3G22420,AT3G22420_Amplicon048_fwd,GGATGGATTTGTTATGAGACCTATTGA
AT3G22420,AT3G22420_Amplicon048_rev,ACATATCTGTGACGACTCAAACT
AT3G22420,AT3G22420_Amplicon049_fwd,AATTTGAGGTCAAGTCTTGTTTTACT
AT3G22420,AT3G22420_Amplicon049_rev,ACGTTAGCTAAACACTTCTCAACA
AT3G48260,AT3G48260_Amplicon001_fwd,ACTGATCCGCAAGTGAGAGC
AT3G48260,AT3G48260_Amplicon001_rev,ACCTTTGTGAGAGCTGACGT
AT3G48260,AT3G48260_Amplicon002_fwd,AATTTATGGCGCCGGAACTC
AT3G48260,AT3G48260_Amplicon002_rev,AGCAGCATTTGTGCATTCGG
AT3G48260,AT3G48260_Amplicon003_fwd,TCTTTCTCAGTCGCCATCGA
AT3G48260,AT3G48260_Amplicon003_rev,GTCGAGAAGGGGTCCAATCG
AT3G48260,AT3G48260_Amplicon004_fwd,CGATTGGACCCCTTCTCGAC
AT3G48260,AT3G48260_Amplicon004_rev,ACGTGAGTCTCCAGCTCCA
AT3G48260,AT3G48260_Amplicon005_fwd,TCACACATCCCCGATTGGAC
AT3G48260,AT3G48260_Amplicon005_rev,TCCAGCTTTAGGAGAGGACC
AT3G48260,AT3G48260_Amplicon006_fwd,GACACATCTTTCTCAGTCGCC
AT3G48260,AT3G48260_Amplicon006_rev,GTCCAATCGGGGATGTGTGA
AT3G48260,AT3G48260_Amplicon007_fwd,GGTGATGATTCAGCGGTACA
AT3G48260,AT3G48260_Amplicon007_rev,AGAATTAGACCGTGGCGCAA
AT3G48260,AT3G48260_Amplicon008_fwd,CCGATGATCAAGACATCTCAACG
AT3G48260,AT3G48260_Amplicon008_rev,TGGAGCGTCTCTGGAGAAGA
AT3G48260,AT3G48260_Amplicon009_fwd,TCCGCAATATCCACTTCCCA
AT3G48260,AT3G48260_Amplicon009_rev,CGGGGATGTGTGAATGTATCTCT
AT3G48260,AT3G48260_Amplicon010_fwd,GGTCGAAGAACTAGACTTAACCGA
AT3G48260,AT3G48260_Amplicon010_rev,ACCGCTGAATCATCACCGAT
AT3G48260,AT3G48260_Amplicon011_fwd,TGTCGATCCATTTTTCTCAATGCT
AT3G48260,AT3G48260_Amplicon011_rev,CAAGCGTTGCGAGACCTTTG
AT3G48260,AT3G48260_Amplicon012_fwd,GTCTCGCAACGCTTGTCAG
AT3G48260,AT3G48260_Amplicon012_rev,GAAAGGAGTCCATGACACTTCA
AT3G48260,AT3G48260_Amplicon013_fwd,CGACTTATCGGTGATGATTCAGC
AT3G48260,AT3G48260_Amplicon013_rev,GTGGCGCAAACGGTGAAC
AT3G48260,AT3G48260_Amplicon014_fwd,TGTCACAGAAAATGGTTACAACGG
AT3G48260,AT3G48260_Amplicon014_rev,ACCTTTGGAATCGGTGATACGT
AT3G48260,AT3G48260_Amplicon015_fwd,GGAATCAAACCAGCCGCTCT
AT3G48260,AT3G48260_Amplicon015_rev,TCCTTGTAGCATTTCAGAAAAGGA
AT3G48260,AT3G48260_Amplicon016_fwd,ACGAAAAAGTTTCTCCATTGTGA
AT3G48260,AT3G48260_Amplicon016_rev,GCAAACACATTCCAAACGCG
AT3G48260,AT3G48260_Amplicon017_fwd,TGACTTTTTCCATATTGTCGATCCA
AT3G48260,AT3G48260_Amplicon017_rev,TGCGAGACCTTTGCGATACA
AT3G48260,AT3G48260_Amplicon018_fwd,TCAAGACATCTCAACGATAGCT
AT3G48260,AT3G48260_Amplicon018_rev,GCGTCTCTGGAGAAGACAAAC
AT3G48260,AT3G48260_Amplicon019_fwd,CGCGTTTGGAATGTGTTTGC
AT3G48260,AT3G48260_Amplicon019_rev,TGGAAAAAGTCATTCTTGATTGGA
AT3G48260,AT3G48260_Amplicon020_fwd,ATGTGTTTGCTTGAGCTGGT
AT3G48260,AT3G48260_Amplicon020_rev,TGGATCGACAATATGGAAAAAGTCA
AT3G48260,AT3G48260_Amplicon021_fwd,GGTCAAATCCGCAATATCCACT
AT3G48260,AT3G48260_Amplicon021_rev,GTGTGAATGTATCTCTGTGTCGA
AT3G48260,AT3G48260_Amplicon022_fwd,TGTGTTTGAAATTGTTTAAGGAACTCC
AT3G48260,AT3G48260_Amplicon022_rev,TGTGCATTCGGAATACGGGT
AT3G48260,AT3G48260_Amplicon023_fwd,ACACCAAGTTCAATAACATTGTCACA
AT3G48260,AT3G48260_Amplicon023_rev,GTGTTGAGGTCTTTACGTTGGC
AT3G48260,AT3G48260_Amplicon024_fwd,ACATAGAGACAGACACATCTTTCT
AT3G48260,AT3G48260_Amplicon024_rev,AAGGGGTCCAATCGGGGAT
AT3G48260,AT3G48260_Amplicon025_fwd,TCTCAATGCTTCTTAGGGAATCA
AT3G48260,AT3G48260_Amplicon025_rev,TCAAGTAGTTCCTTGGCTGACA
AT3G48260,AT3G48260_Amplicon026_fwd,CAAAGGTCTCGCAACGCTT
AT3G48260,AT3G48260_Amplicon026_rev,AGTCCATGACACTTCATATTGAGA
AT3G48260,AT3G48260_Amplicon027_fwd,TCCATATTGTCGATCCATTTTTCTCA
AT3G48260,AT3G48260_Amplicon027_rev,CTGACAAGCGTTGCGAGAC
AT3G48260,AT3G48260_Amplicon028_fwd,TGTGAAATTTTCTAACACCAAGTTCA
AT3G48260,AT3G48260_Amplicon028_rev,ACGTTGGCCTTCTACGGTTA
AT3G48260,AT3G48260_Amplicon029_fwd,ACCAGCCGCTCTTTTAAATGTG
AT3G48260,AT3G48260_Amplicon029_rev,TGTAGCATTTCAGAAAAGGATCATCA
AT3G48260,AT3G48260_Amplicon030_fwd,TGTATCGCAAAGGTCTCGCA
AT3G48260,AT3G48260_Amplicon030_rev,TGACACTTCATATTGAGATGAAATGAA
AT3G48260,AT3G48260_Amplicon031_fwd,AGATACATTCACACATCCCCGA
AT3G48260,AT3G48260_Amplicon031_rev,TTTAGGAGAGGACCAGAATTTTCT
AT3G48260,AT3G48260_Amplicon032_fwd,GCTAAAATGATCGACACAGAGATACA
AT3G48260,AT3G48260_Amplicon032_rev,ATCTAAATGGAGCGTCTCTGGA
AT3G48260,AT3G48260_Amplicon033_fwd,TGATTCAGCGGTACAAAAATGTT
AT3G48260,AT3G48260_Amplicon033_rev,CGACAACTTAGAATTAGACCGTGG
AT3G48260,AT3G48260_Amplicon034_fwd,TCCAATCAAGAATGACTTTTTCCA
AT3G48260,AT3G48260_Amplicon034_rev,AGACCTTTGCGATACACTTCTCT
AT3G48260,AT3G48260_Amplicon035_fwd,AGACTTAACCGATGATCAAGACA
AT3G48260,AT3G48260_Amplicon035_rev,ACATTTTTGTACCGCTGAATCATCA
AT3G48260,AT3G48260_Amplicon036_fwd,TCGACACAGAGATACATTCACACA
AT3G48260,AT3G48260_Amplicon036_rev,AAGGAAATCTATCTAAATGGAGCGT
AT3G48260,AT3G48260_Amplicon037_fwd,TTTTTATACAGGTCAAATCCGCAA
AT3G48260,AT3G48260_Amplicon037_rev,TGAGATGTCTTGATCATCGGTT
AT3G48260,AT3G48260_Amplicon038_fwd,TTTCTAACACCAAGTTCAATAACATTG
AT3G48260,AT3G48260_Amplicon038_rev,AGGTCTTTACGTTGGCCTTCT
AT3G48260,AT3G48260_Amplicon039_fwd,CTCCATTGTGAAACTATAATTTTGTGT
AT3G48260,AT3G48260_Amplicon039_rev,ACCAGCTCAAGCAAACACAT
AT3G48260,AT3G48260_Amplicon040_fwd,GCTTGAGCTGGTAACTTTTGAA
AT3G48260,AT3G48260_Amplicon040_rev,TGAGAAAAATGGATCGACAATATGGA
AT3G51630,AT3G51630_Amplicon001_fwd,ATTGCCTGCAAAGGAGCTCT
AT3G51630,AT3G51630_Amplicon001_rev,CCGTTCCATTTGCAGCCAAA
AT3G51630,AT3G51630_Amplicon002_fwd,TAATCCAACACACGGAGGCC
AT3G51630,AT3G51630_Amplicon002_rev,GAGGCGCCAAATCTCTCTCA
AT3G51630,AT3G51630_Amplicon003_fwd,TTCAGGGGAAGTTGCCTGAC
AT3G51630,AT3G51630_Amplicon003_rev,CTCTCTCATCAGTTGCGGCA
AT3G51630,AT3G51630_Amplicon004_fwd,GGCACAGGTCACATGAGGAA
AT3G51630,AT3G51630_Amplicon004_rev,TTGCAGCGATCTCCAAAGGA
AT3G51630,AT3G51630_Amplicon005_fwd,ATCCTTTGGAGATCGCTGCA
AT3G51630,AT3G51630_Amplicon005_rev,CTTCCCTCTGTGTCGCCATT
AT3G51630,AT3G51630_Amplicon006_fwd,GCTCTTAGCGGACCCATTCC
AT3G51630,AT3G51630_Amplicon006_rev,GCAGATGCTCTACCACCGTT
AT3G51630,AT3G51630_Amplicon007_fwd,TGCGGATTTGATTCAGGGGA
AT3G51630,AT3G51630_Amplicon007_rev,AGCTCCTTTGCAGGCAATCT
AT3G51630,AT3G51630_Amplicon008_fwd,CAACTGGAGGGCCAATGACT
AT3G51630,AT3G51630_Amplicon008_rev,ACAGGAGAGTCGTGAGAGGA
AT3G51630,AT3G51630_Amplicon009_fwd,TTCCTTGCCGCAACTGATGA
AT3G51630,AT3G51630_Amplicon009_rev,TTGGATCAGTCGTTGACGGC
AT3G51630,AT3G51630_Amplicon010_fwd,ATCTGTTTGGCTGTGGCACA
AT3G51630,AT3G51630_Amplicon010_rev,GCGATCTCCAAAGGATCCCA
AT3G51630,AT3G51630_Amplicon011_fwd,TCTTTGCTCGTCCCCAACTG
AT3G51630,AT3G51630_Amplicon011_rev,AAGCAGAGGAGAAAAGGCGC
AT3G51630,AT3G51630_Amplicon012_fwd,GGGGAAGTTGCCTGACTCATT
AT3G51630,AT3G51630_Amplicon012_rev,TCATCAGTTGCGGCAAGGAA
AT3G51630,AT3G51630_Amplicon013_fwd,CAATCAAGAGCTGGGCACGT
AT3G51630,AT3G51630_Amplicon013_rev,GCCCAAGGTGTCCATTAACG
AT3G51630,AT3G51630_Amplicon014_fwd,CGGAGGCCCAACGTTTTGTT
AT3G51630,AT3G51630_Amplicon014_rev,TGGATTGCCAATTGTTGCGG
AT3G51630,AT3G51630_Amplicon015_fwd,GGAGGGCCAATGACTCTTCT
AT3G51630,AT3G51630_Amplicon015_rev,ACTGCTACAGGAGAGTCGTG
AT3G51630,AT3G51630_Amplicon016_fwd,CCGCAACAATTGGCAATCCA
AT3G51630,AT3G51630_Amplicon016_rev,TGGTGTGGTCTTCTGAGTTCA
AT3G51630,AT3G51630_Amplicon017_fwd,GACCCATTCCTTGCCGCAA
AT3G51630,AT3G51630_Amplicon017_rev,CGTTGACGGCAGATGCTCTA
AT3G51630,AT3G51630_Amplicon018_fwd,TTGGAGATCGCTGCAATGAT
AT3G51630,AT3G51630_Amplicon018_rev,CTCTGTGTCGCCATTGTCCT
AT3G51630,AT3G51630_Amplicon019_fwd,AGCTTTGGAGATGGTGAAGGA
AT3G51630,AT3G51630_Amplicon019_rev,AGCTTTCGTGCCGGATAGAA
AT3G51630,AT3G51630_Amplicon020_fwd,TGAGATATCTTTGCTCGTCCCC
AT3G51630,AT3G51630_Amplicon020_rev,GAGAAAAGGCGCGTTCTTCC
AT3G51630,AT3G51630_Amplicon021_fwd,TGGTGAAGGAGCTTGAGATCAC
AT3G51630,AT3G51630_Amplicon021_rev,ATGACCAAAGCTTTCGTGCC
AT3G51630,AT3G51630_Amplicon022_fwd,AGAGCTGGGCACGTCAGATC
AT3G51630,AT3G51630_Amplicon022_rev,TAACTTGCCCAAGGTGTCCA
AT3G51630,AT3G51630_Amplicon023_fwd,GTGTCAAGAAGATTGCCTGCA
AT3G51630,AT3G51630_Amplicon023_rev,TGCTCTACCACCGTTCCATT
AT3G51630,AT3G51630_Amplicon024_fwd,TTTGGCTGCAAATGGAACGG
AT3G51630,AT3G51630_Amplicon024_rev,ACCATCGCCATCTAGAATCTGT
AT3G51630,AT3G51630_Amplicon025_fwd,TGGTCTTGCTTATCTCCATGGA
AT3G51630,AT3G51630_Amplicon025_rev,GTGCGCATTCTGTGATCCAC
AT3G51630,AT3G51630_Amplicon026_fwd,GGATTTGATTCAGGGGAAGTTGC
AT3G51630,AT3G51630_Amplicon026_rev,TCCGCTAAGAGCTCCTTTGC
AT3G51630,AT3G51630_Amplicon027_fwd,GGCGACACAGAGGGAAGAAC
AT3G51630,AT3G51630_Amplicon027_rev,TGCCATCATCCATATCTGGGA
AT3G51630,AT3G51630_Amplicon028_fwd,TGGGCACGTCAGATCTTGAA
AT3G51630,AT3G51630_Amplicon028_rev,GCAGCTAAGCCCAGGTCA
AT3G51630,AT3G51630_Amplicon029_fwd,GCAATCCAGAATTTGGCTGCA
AT3G51630,AT3G51630_Amplicon029_rev,GGAAGATGGTGTGGTCTTCTGA
AT3G51630,AT3G51630_Amplicon030_fwd,AGCTTGAGATCACTGATTGGGA
AT3G51630,AT3G51630_Amplicon030_rev,TGTCGCCATTGTCCTCATCA
AT3G51630,AT3G51630_Amplicon031_fwd,TCTGCCGTCAACGACTGATC
AT3G51630,AT3G51630_Amplicon031_rev,ACCAGGCAAGACATTTGTAGT
AT3G51630,AT3G51630_Amplicon032_fwd,GTGACACACCTCTAGAAGTAGCT
AT3G51630,AT3G51630_Amplicon032_rev,AGTCATTGGCCCTCCAGTTG
AT3G51630,AT3G51630_Amplicon033_fwd,CAAGAAGATTGCCTGCAAAGGA
AT3G51630,AT3G51630_Amplicon033_rev,CTACCACCGTTCCATTTGCAG
AT3G51630,AT3G51630_Amplicon034_fwd,TGCTTGGAAACTGTGTCAAGA
AT3G51630,AT3G51630_Amplicon034_rev,TGCAGCCAAATTCTGGATTGC
AT3G51630,AT3G51630_Amplicon035_fwd,ACACGGAGGCCCAACGTT
AT3G51630,AT3G51630_Amplicon035_rev,GCCAATTGTTGCGGCAATCT
AT3G51630,AT3G51630_Amplicon036_fwd,TCCATCTAATCCAACACACGG
AT3G51630,AT3G51630_Amplicon036_rev,GGCAATCTAAAAAGAGGCGCC
AT3G51630,AT3G51630_Amplicon037_fwd,ATTGGGATCCTTTGGAGATCG
AT3G51630,AT3G51630_Amplicon037_rev,CGCGTTCTTCCCTCTGTGT
AT3G51630,AT3G51630_Amplicon038_fwd,ACATTCAGTTCCCGTTCAACATTT
AT3G51630,AT3G51630_Amplicon038_rev,CAGTTGGGGACGAGCAAAGA
AT3G51630,AT3G51630_Amplicon039_fwd,ATCTTTGCCTTTTGCTTGCA
AT3G51630,AT3G51630_Amplicon039_rev,ACTCACCGGTAAGCATCTCT
AT3G51630,AT3G51630_Amplicon040_fwd,AGAAGTAGCTTTGGAGATGGTG
AT3G51630,AT3G51630_Amplicon040_rev,CGTGCCGGATAGAAGAGTCA
AT3G51630,AT3G51630_Amplicon041_fwd,GAGGGAAGAACGCGCCTTT
AT3G51630,AT3G51630_Amplicon041_rev,AGAGCTTCTATTGCCATCATCCA
AT3G51630,AT3G51630_Amplicon042_fwd,TGCCTTTTGCTTGCATATACCA
AT3G51630,AT3G51630_Amplicon042_rev,CCGGTAAGCATCTCTAGGACAC
AT3G51630,AT3G51630_Amplicon043_fwd,CACACCTCTAGAAGTAGCTTTGGA
AT3G51630,AT3G51630_Amplicon043_rev,AGAAGAGTCATTGGCCCTCC
AT3G51630,AT3G51630_Amplicon044_fwd,TTTGGCTGTGGCACAGGTCA
AT3G51630,AT3G51630_Amplicon044_rev,TCTATCATTGCAGCGATCTCCA
AT3G51630,AT3G51630_Amplicon045_fwd,AGATGATGAGGACAATGGCGA
AT3G51630,AT3G51630_Amplicon045_rev,TCCATATCTGGGATCACATCGT
AT3G51630,AT3G51630_Amplicon046_fwd,TGGAACGGTGGTAGAGCATC
AT3G51630,AT3G51630_Amplicon046_rev,TCGCCATCTAGAATCTGTACTTGA
AT3G51630,AT3G51630_Amplicon047_fwd,TCACTGATTGGGATCCTTTGGA
AT3G51630,AT3G51630_Amplicon047_rev,CGCCATTGTCCTCATCATCTTC
AT3G51630,AT3G51630_Amplicon048_fwd,TGCTTGTGCAGAATTCCTTAAAGA
AT3G51630,AT3G51630_Amplicon048_rev,TTCAAGATCTGACGTGCCCA
AT3G51630,AT3G51630_Amplicon049_fwd,TGCATATACCATTAGGAACGCC
AT3G51630,AT3G51630_Amplicon049_rev,GGCAGGGTTGGTGCATTCA
AT3G51630,AT3G51630_Amplicon050_fwd,AGTTGCCTGACTCATTCCATC
AT3G51630,AT3G51630_Amplicon050_rev,GCGCCAAATCTCTCTCATCAGT
AT3G51630,AT3G51630_Amplicon051_fwd,GGCGCCTCTTTTTAGATTGCC
AT3G51630,AT3G51630_Amplicon051_rev,TGGTCTTCTGAGTTCATCTTTCCT
AT3G51630,AT3G51630_Amplicon052_fwd,TCCCCTACAGTGTGTGTTAAACA
AT3G51630,AT3G51630_Amplicon052_rev,GACGTGCCCAGCTCTTGA
AT3G51630,AT3G51630_Amplicon053_fwd,TGGTAAATGCTTGGAAACTGTGT
AT3G51630,AT3G51630_Amplicon053_rev,TCCATTTGCAGCCAAATTCTGG
AT3G51630,AT3G51630_Amplicon054_fwd,ACGACTGATCCAACTAGAACAACA
AT3G51630,AT3G51630_Amplicon054_rev,CCAATCAAACCAGGCAAGACA
AT3G51630,AT3G51630_Amplicon055_fwd,AGAGAAGCTTGTTGTGTGTGTC
AT3G51630,AT3G51630_Amplicon055_rev,TCCATGGAGATAAGCAAGACCA
AT3G51630,AT3G51630_Amplicon056_fwd,ACTTCTTTGATGCGGATTTGATT
AT3G51630,AT3G51630_Amplicon056_rev,AATGGGTCCGCTAAGAGCTC
AT3G51630,AT3G51630_Amplicon057_fwd,TGCAAATGGAACGGTGGTAGA
AT3G51630,AT3G51630_Amplicon057_rev,ACTTTAACTTACCATCGCCATCT
AT3G51630,AT3G51630_Amplicon058_fwd,GCACGTCAGATCTTGAATGGTC
AT3G51630,AT3G51630_Amplicon058_rev,AGCCCAGGTCACCAATCT
AT3G51630,AT3G51630_Amplicon059_fwd,CCAATGACTCTTCTATCCGGCA
AT3G51630,AT3G51630_Amplicon059_rev,TGTTCTCTCTAACTGCTACAGGA
AT3G51630,AT3G51630_Amplicon060_fwd,TCCCGTTCAACATTTTAAGTGACA
AT3G51630,AT3G51630_Amplicon060_rev,CTCCAGTTGGGGACGAGC
AT3G51630,AT3G51630_Amplicon061_fwd,TGGAAACTGTGTCAAGAAGATTGC
AT3G51630,AT3G51630_Amplicon061_rev,AGCCAAATTCTGGATTGCCAATT
AT3G51630,AT3G51630_Amplicon062_fwd,CCGTCAACGACTGATCCAACT
AT3G51630,AT3G51630_Amplicon062_rev,CCAGGCAAGACATTTGTAGTAAGTA
AT3G51630,AT3G51630_Amplicon063_fwd,ATGGACACCTTGGGCAAGTT
AT3G51630,AT3G51630_Amplicon063_rev,GGCAAAGATTAATTATGGAACTCACA
AT3G51630,AT3G51630_Amplicon064_fwd,CACGAAAGCTTTGGTCATGAAGA
AT3G51630,AT3G51630_Amplicon064_rev,TCTGGGATCACATCGTTACTAGA
AT3G51630,AT3G51630_Amplicon065_fwd,ACGTTTTGTTGGTAAATGCTTGGA
AT3G51630,AT3G51630_Amplicon065_rev,TGTTGCGGCAATCTAAAAAGAG
AT5G28080,AT5G28080_Amplicon001_fwd,TCTGCGACTCAAAACCGTCA
AT5G28080,AT5G28080_Amplicon001_rev,CGGTCATCCATCTCCAGCTC
AT5G28080,AT5G28080_Amplicon002_fwd,GGCCACAGTGTCCCTTAGAC
AT5G28080,AT5G28080_Amplicon002_rev,AGAGGAGTCCCTGCTTCATCT
AT5G28080,AT5G28080_Amplicon003_fwd,CGTAGAGAGCGAAAAGGGCT
AT5G28080,AT5G28080_Amplicon003_rev,TCTCGTGTGACTCCACTGTC
AT5G28080,AT5G28080_Amplicon004_fwd,TCGAGAAGTGTTTGGCCACA
AT5G28080,AT5G28080_Amplicon004_rev,TGTCTAAGAGGAGTCCCTGCT
AT5G28080,AT5G28080_Amplicon005_fwd,GACAGTGGAGTCACACGAGA
AT5G28080,AT5G28080_Amplicon005_rev,ACGGTTTTGAGTCGCAGAAA
AT5G28080,AT5G28080_Amplicon006_fwd,GGATCCAGAGGTTAGAGGGT
AT5G28080,AT5G28080_Amplicon006_rev,AGCCCTTTTCGCTCTCTACG
AT5G28080,AT5G28080_Amplicon007_fwd,ACCGTCAACAAGGAAGGTTGT
AT5G28080,AT5G28080_Amplicon007_rev,TGACATCACGGTCATCCATCTC
AT5G28080,AT5G28080_Amplicon008_fwd,TGGAGATGGACTATTTCTGCGA
AT5G28080,AT5G28080_Amplicon008_rev,CCATCTCCAGCTCTTCCACC
AT5G28080,AT5G28080_Amplicon009_fwd,AGTGTTTGGCCACAGTGTCC
AT5G28080,AT5G28080_Amplicon009_rev,GTCCCTGCTTCATCTATCAAGC
AT5G28080,AT5G28080_Amplicon010_fwd,GGCTTGATAGATGAAGCAGGGA
AT5G28080,AT5G28080_Amplicon010_rev,GTGACTCCACTGTCTCATCTCC
AT5G28080,AT5G28080_Amplicon011_fwd,TGGAGTCACACGAGATAGATCT
AT5G28080,AT5G28080_Amplicon011_rev,TGTTGACGGTTTTGAGTCGC
AT5G28080,AT5G28080_Amplicon012_fwd,CCAGAGGTTAGAGGGTTTATCGA
AT5G28080,AT5G28080_Amplicon012_rev,CGCTCTCTACGCGTCTCATA
AT5G28080,AT5G28080_Amplicon013_fwd,AGATGAAGCAGGGACTCCTCT
AT5G28080,AT5G28080_Amplicon013_rev,GAGATCTATCTCGTGTGACTCCA
AT5G28080,AT5G28080_Amplicon014_fwd,GGAGATGAGACAGTGGAGTCAC
AT5G28080,AT5G28080_Amplicon014_rev,TCGCAGAAATAGTCCATCTCCA
AT5G28080,AT5G28080_Amplicon015_fwd,TGAATCGGATATGAGACGCGT
AT5G28080,AT5G28080_Amplicon015_rev,TCTCCATTGTAATCCCATTGGT
AT5G28080,AT5G28080_Amplicon016_fwd,CGGATATGAGACGCGTAGAGA
AT5G28080,AT5G28080_Amplicon016_rev,TGTCTCATCTCCATTGTAATCCCA
AT5G28080,AT5G28080_Amplicon017_fwd,AGAGCGAAAAGGGCTTGATAGA
AT5G28080,AT5G28080_Amplicon017_rev,CCACTGTCTCATCTCCATTGTA
AT5G28080,AT5G28080_Amplicon018_fwd,TGGATTAGACAAAGTGAAGGATCC
AT5G28080,AT5G28080_Amplicon018_rev,ACGCGTCTCATATCCGATTCA
AT5G28080,AT5G28080_Amplicon019_fwd,GTGTTTACCGCGATTATAACATCTCT
AT5G28080,AT5G28080_Amplicon019_rev,ACACTGTGGCCAAACACTTC
AT5G28080,AT5G28080_Amplicon020_fwd,ACAATGGAGATGAGACAGTGGA
AT5G28080,AT5G28080_Amplicon020_rev,AGTCCATCTCCATTGTCTCTTC
AT5G28080,AT5G28080_Amplicon021_fwd,CCGCGATTATAACATCTCTTATGTTGA
AT5G28080,AT5G28080_Amplicon021_rev,AGTCTAAGGGACACTGTGGC
AT5G28080,AT5G28080_Amplicon022_fwd,AGATCTCTTGGAGTTTCAAAATGATG
AT5G28080,AT5G28080_Amplicon022_rev,ACAACCTTCCTTGTTGACGGT
AT5G28080,AT5G28080_Amplicon023_fwd,AGAGGTTTGGTAGTGTAGATATAAGC
AT5G28080,AT5G28080_Amplicon023_rev,CGCTTATTGCTGTGTCAGTC
AT5G28080,AT5G28080_Amplicon024_fwd,CTTGGAGTTTCAAAATGATGATGATG
AT5G28080,AT5G28080_Amplicon024_rev,TCTCACACAACCTTCCTTGTTG
AT5G28080,AT5G28080_Amplicon025_fwd,AAGATAAGAGGTTTGGTAGTGTAGAT
AT5G28080,AT5G28080_Amplicon025_rev,CGATGTCGAACGGGAAGT
AT5G41990,AT5G41990_Amplicon001_fwd,CTTCCTGCCTCTTCCAGACC
AT5G41990,AT5G41990_Amplicon001_rev,TCAAGCTGTGGTGGTCTCAC
AT5G41990,AT5G41990_Amplicon002_fwd,GAGGCAAGGACTCTGCTCTG
AT5G41990,AT5G41990_Amplicon002_rev,GGGACCATGGGTAGTCTTCG
AT5G41990,AT5G41990_Amplicon003_fwd,CGAAGACTACCCATGGTCCC
AT5G41990,AT5G41990_Amplicon003_rev,CGGGTCAGCAATACGGAGAA
AT5G41990,AT5G41990_Amplicon004_fwd,GACACAGCAACAGCAATCGC
AT5G41990,AT5G41990_Amplicon004_rev,TTATGATGCGACGAGGTCCG
AT5G41990,AT5G41990_Amplicon005_fwd,AGACCACCACAGCTTGAACA
AT5G41990,AT5G41990_Amplicon005_rev,GCTCCTCTCACCTCTCAACC
AT5G41990,AT5G41990_Amplicon006_fwd,CTCCACGTCTAACCCATGAGG
AT5G41990,AT5G41990_Amplicon006_rev,GCATTTCCGTCGTTTGCTGA
AT5G41990,AT5G41990_Amplicon007_fwd,GCTCCCGTTTGAAACTTTGCA
AT5G41990,AT5G41990_Amplicon007_rev,GGAATGGGTCCTTCGAGAGC
AT5G41990,AT5G41990_Amplicon008_fwd,GGACTCTGCTCTGCTTGCTT
AT5G41990,AT5G41990_Amplicon008_rev,CCATGGGTAGTCTTCGTTGCT
AT5G41990,AT5G41990_Amplicon009_fwd,TCAAGCAACGAAGACTACCCA
AT5G41990,AT5G41990_Amplicon009_rev,ACGGAGAACCATAGACGCTG
AT5G41990,AT5G41990_Amplicon010_fwd,CGCTGAGGAAATGGTTGAGG
AT5G41990,AT5G41990_Amplicon010_rev,CCTCATGGGTTAGACGTGGAG
AT5G41990,AT5G41990_Amplicon011_fwd,AACTCTCCACGTCTAACCCA
AT5G41990,AT5G41990_Amplicon011_rev,CGTCGTTTGCTGAGTAGGGA
AT5G41990,AT5G41990_Amplicon012_fwd,AGCCAAGAGGTCGTTGTGAT
AT5G41990,AT5G41990_Amplicon012_rev,ACAGTTTGCTGATTTGCTGCT
AT5G41990,AT5G41990_Amplicon013_fwd,ATCTATGCAATGGGGCTCCC
AT5G41990,AT5G41990_Amplicon013_rev,CGAGGGCAGTTGGTCTGG
AT5G41990,AT5G41990_Amplicon014_fwd,TGCAACTTCTCTCTGACCGG
AT5G41990,AT5G41990_Amplicon014_rev,TCATTGATTGTCCTGCAGCT
AT5G41990,AT5G41990_Amplicon015_fwd,TAAAGCCTCAGTCTCTTGGC
AT5G41990,AT5G41990_Amplicon015_rev,GTCCTTGCCTCCATCCCTTG
AT5G41990,AT5G41990_Amplicon016_fwd,TCTTCCCATGGATGTGGATCA
AT5G41990,AT5G41990_Amplicon016_rev,ACGCTGTGACATCATCGCTC
AT5G41990,AT5G41990_Amplicon017_fwd,TTCCTTGCAAGGGATGGAGG
AT5G41990,AT5G41990_Amplicon017_rev,GGGTAGTCTTCGTTGCTTGAAAC
AT5G41990,AT5G41990_Amplicon018_fwd,GCAATCGCTGAGGAAATGGT
AT5G41990,AT5G41990_Amplicon018_rev,TGGGTTAGACGTGGAGAGTTT
AT5G41990,AT5G41990_Amplicon019_fwd,ATGTGAGACCACCACAGCTT
AT5G41990,AT5G41990_Amplicon019_rev,TCTCACCTCTCAACCTGAACTC
AT5G41990,AT5G41990_Amplicon020_fwd,TGAGGATCATGAAGCAGCAAATC
AT5G41990,AT5G41990_Amplicon020_rev,CAGCTTCCATGGCAGCATTT
AT5G41990,AT5G41990_Amplicon021_fwd,AGTGTTTCAAGCAACGAAGAC
AT5G41990,AT5G41990_Amplicon021_rev,CCAGACGGGTCAGCAATACG
AT5G41990,AT5G41990_Amplicon022_fwd,GGGGCTCCCGTTTGAAACT
AT5G41990,AT5G41990_Amplicon022_rev,GAGAGCTCGAGGGCAGTT
AT5G41990,AT5G41990_Amplicon023_fwd,CCAGACCAACTGCCCTCG
AT5G41990,AT5G41990_Amplicon023_rev,TCCATGGGAAGATGTTCAAGC
AT5G41990,AT5G41990_Amplicon024_fwd,TCTGCTCTGCTTGCTTCATCA
AT5G41990,AT5G41990_Amplicon024_rev,TCTGAAGTTCAATGGTTTGGGAC
AT5G41990,AT5G41990_Amplicon025_fwd,CCCATGGATGTGGATCATAACG
AT5G41990,AT5G41990_Amplicon025_rev,ACCATAGACGCTGTGACATCA
AT5G41990,AT5G41990_Amplicon026_fwd,TCGTACACTTTGCATTCTATCTGGA
AT5G41990,AT5G41990_Amplicon026_rev,CCGGTCAGAGAGAAGTTGCA
AT5G41990,AT5G41990_Amplicon027_fwd,GCATTTAACTAGCCAAGAGGTCG
AT5G41990,AT5G41990_Amplicon027_rev,TGCTGATTTGCTGCTTCATG
AT5G41990,AT5G41990_Amplicon028_fwd,CACTTTGCATTCTATCTGGAGTCAG
AT5G41990,AT5G41990_Amplicon028_rev,CGAGGTCCGGTCAGAGAGAA
AT5G41990,AT5G41990_Amplicon029_fwd,TCCAATTCATTCCTCTCACAGT
AT5G41990,AT5G41990_Amplicon029_rev,CCTCAACCATTTCCTCAGCG
AT5G41990,AT5G41990_Amplicon030_fwd,ACTGAAAATCAATTCAATGCCCT
AT5G41990,AT5G41990_Amplicon030_rev,ATCACAACGACCTCTTGGCT
AT5G41990,AT5G41990_Amplicon031_fwd,TTCACCGGGATCTGAAGTGT
AT5G41990,AT5G41990_Amplicon031_rev,AGGAAGGAAAATGGTTTATGGTGT
AT5G41990,AT5G41990_Amplicon032_fwd,CGCATCATAACCAAAACTCTCCA
AT5G41990,AT5G41990_Amplicon032_rev,CGTTTGCTGAGTAGGGAAAGTA
AT5G41990,AT5G41990_Amplicon033_fwd,GTCCCAAACCATTGAACTTCAGA
AT5G41990,AT5G41990_Amplicon033_rev,TTATAAGACGAACCAGACGGG
AT5G41990,AT5G41990_Amplicon034_fwd,AGCTTGAACATCTTCCCATGGA
AT5G41990,AT5G41990_Amplicon034_rev,TCACCTCTCAACCTGAACTCTTTAT
AT5G41990,AT5G41990_Amplicon035_fwd,GAGGAACTGCATTTAACTAGCCA
AT5G41990,AT5G41990_Amplicon035_rev,GTTAGACGTGGAGAGTTTTGGTT
AT5G41990,AT5G41990_Amplicon036_fwd,CCAATTCATTCCTCTCACAGTTTTCAT
AT5G41990,AT5G41990_Amplicon036_rev,ACCATTTCCTCAGCGATTGC
AT5G41990,AT5G41990_Amplicon037_fwd,TCAATTCAATGCCCTAATACAGGT
AT5G41990,AT5G41990_Amplicon037_rev,ACAACGACCTCTTGGCTAGTTA
AT5G41990,AT5G41990_Amplicon038_fwd,TGATCGATGACTTCATAATGCAACTT
AT5G41990,AT5G41990_Amplicon038_rev,TCGAGTTCACAGTTTGCTGA
AT5G41990,AT5G41990_Amplicon039_fwd,CGAGAATAAAAGTGTTTCAAGCAACG
AT5G41990,AT5G41990_Amplicon039_rev,GGTCAGCAATACGGAGAACCATA
AT5G41990,AT5G41990_Amplicon040_fwd,TGACACCATTTCATTTGATGTGAAGA
AT5G41990,AT5G41990_Amplicon040_rev,ACACTTCAGATCCCGGTGA
AT5G41990,AT5G41990_Amplicon041_fwd,TCAATGCCCTAATACAGGTAAATGT
AT5G41990,AT5G41990_Amplicon041_rev,CGACCTCTTGGCTAGTTAAATGC
AT5G41990,AT5G41990_Amplicon042_fwd,TCATCTAAATATGTGAGACCACCAC
AT5G41990,AT5G41990_Amplicon042_rev,TCTCTGCAATCCTCTGAAGTTCA
AT5G41990,AT5G41990_Amplicon043_fwd,TGAACTTCAGAGGATTGCAGAGA
AT5G41990,AT5G41990_Amplicon043_rev,ACTGTGAGAGGAATGAATTGGATAGAA
AT5G41990,AT5G41990_Amplicon044_fwd,TTCATCAATTATCTATGCAATGGGG
AT5G41990,AT5G41990_Amplicon044_rev,TCTGGAAGAGGCAGGAAGA
AT5G41990,AT5G41990_Amplicon045_fwd,TGACTTCATAATGCAACTTCTCTCTG
AT5G41990,AT5G41990_Amplicon045_rev,TCTTCATCTTTCGAGTTCACAGT
AT5G41990,AT5G41990_Amplicon046_fwd,GTAGAATCGTACACTTTGCATTCT
AT5G41990,AT5G41990_Amplicon046_rev,GGTCAGAGAGAAGTTGCATTATGA
AT5G55560,AT5G55560_Amplicon001_fwd,AGCTGCAATTGTGGGGAAGA
AT5G55560,AT5G55560_Amplicon001_rev,CACAAGCTCCAAAACGCACA
AT5G55560,AT5G55560_Amplicon002_fwd,ACCTCCGGAAACCTGAGAGA
AT5G55560,AT5G55560_Amplicon002_rev,GGATGATGCAAGGGTCGTGA
AT5G55560,AT5G55560_Amplicon003_fwd,CCGAGATCTGTACCTCCGGA
AT5G55560,AT5G55560_Amplicon003_rev,CAAGGGTCGTGAGTGTGGAG
AT5G55560,AT5G55560_Amplicon004_fwd,GATCCAGCCATGACCGAGAG
AT5G55560,AT5G55560_Amplicon004_rev,CGGAGGTACAGATCTCGGTG
AT5G55560,AT5G55560_Amplicon005_fwd,ATCCTCGGGACACCAGAGTT
AT5G55560,AT5G55560_Amplicon005_rev,TATTTTGGCGACGCTGTCAC
AT5G55560,AT5G55560_Amplicon006_fwd,GTGACAGCGTCGCCAAAATA
AT5G55560,AT5G55560_Amplicon006_rev,CAGAAGGTCTAGCTCTCGGC
AT5G55560,AT5G55560_Amplicon007_fwd,GGCTTTACTCGGAGGTCAGG
AT5G55560,AT5G55560_Amplicon007_rev,CGGTACTCTCTCAGGTTTCCG
AT5G55560,AT5G55560_Amplicon008_fwd,TAGCGAATGTGACAGCGTCG
AT5G55560,AT5G55560_Amplicon008_rev,TCAGCTGCAGAAGGTCTAGC
AT5G55560,AT5G55560_Amplicon009_fwd,CTCACTCGATCCTCGGGACA
AT5G55560,AT5G55560_Amplicon009_rev,TCTCGAGTGACACAAGCTCC
AT5G55560,AT5G55560_Amplicon010_fwd,CGGAAGAAGCACAGACACGT
AT5G55560,AT5G55560_Amplicon010_rev,CCGATGTTGCCATTGACGAA
AT5G55560,AT5G55560_Amplicon011_fwd,CGGAGGTCAGGTTGCTTAAGA
AT5G55560,AT5G55560_Amplicon011_rev,GTGTCTGTGCTTCTTCCGGT
AT5G55560,AT5G55560_Amplicon012_fwd,CGGAAACCTGAGAGAGTACCG
AT5G55560,AT5G55560_Amplicon012_rev,TCTGTGGATGATGCAAGGGT
AT5G55560,AT5G55560_Amplicon013_fwd,CAGACACGTCTCTATGAGGGC
AT5G55560,AT5G55560_Amplicon013_rev,AAATACCTGGCCGATGTTGC
AT5G55560,AT5G55560_Amplicon014_fwd,TACTCGGAGGTCAGGTTGCT
AT5G55560,AT5G55560_Amplicon014_rev,GCTTCTTCCGGTACTCTCTCA
AT5G55560,AT5G55560_Amplicon015_fwd,TCACGACCCTTGCATCATCC
AT5G55560,AT5G55560_Amplicon015_rev,TCAACTCAATCACACACACACAC
AT5G55560,AT5G55560_Amplicon016_fwd,AGTGTGTGTGTGTGATTGAGT
AT5G55560,AT5G55560_Amplicon016_rev,AACTCTGGTGTCCCGAGGAT
AT5G55560,AT5G55560_Amplicon017_fwd,TCGGATGATCCAGCCATGAC
AT5G55560,AT5G55560_Amplicon017_rev,TCAAGGTGTTGTTTCTCTCGTCT
AT5G55560,AT5G55560_Amplicon018_fwd,TGTGCGTTTTGGAGCTTGTG
AT5G55560,AT5G55560_Amplicon018_rev,TGCCTTAGCTTCTGGATCATT
AT5G55560,AT5G55560_Amplicon019_fwd,ACTCGTATGGAATGTGCGTT
AT5G55560,AT5G55560_Amplicon019_rev,TGTTGAGAGCCTCTGGTTTGA
AT5G55560,AT5G55560_Amplicon020_fwd,AGGTTTAGCTGCAATTGTGGG
AT5G55560,AT5G55560_Amplicon020_rev,AACGCACATTCCATACGAGT
AT5G55560,AT5G55560_Amplicon021_fwd,ACAGCGTCGCCAAAATATACAA
AT5G55560,AT5G55560_Amplicon021_rev,GAGCTCAGCTGCAGAAGGT
AT5G55560,AT5G55560_Amplicon022_fwd,CTCCACACTCACGACCCTTG
AT5G55560,AT5G55560_Amplicon022_rev,CACAACTCAACTCAATCACACACA
AT5G55560,AT5G55560_Amplicon023_fwd,GGGCTTTGAAGAAGTGGTCC
AT5G55560,AT5G55560_Amplicon023_rev,CGATTGAGTAAAATACCTGGCCG
AT5G55560,AT5G55560_Amplicon024_fwd,GTGTGGAGAGACGAGAGAAACA
AT5G55560,AT5G55560_Amplicon024_rev,CCACTTCTTCAAAGCCCTCA
AT5G55560,AT5G55560_Amplicon025_fwd,AGAACTACACTGAGATGGTTGACA
AT5G55560,AT5G55560_Amplicon025_rev,TGGTTTGAGGCCTTTGCTCA
AT5G55560,AT5G55560_Amplicon026_fwd,AGAAGAAGGCATCGAGGTGG
AT5G55560,AT5G55560_Amplicon026_rev,ACAGGGTGATGATGTTACTGTTCT
AT5G55560,AT5G55560_Amplicon027_fwd,AGAACAGTAACATCATCACCCTGT
AT5G55560,AT5G55560_Amplicon027_rev,AGAGACGTGTCTGTGCTTCT
AT5G55560,AT5G55560_Amplicon028_fwd,AGAGACGAGAGAAACAACACCT
AT5G55560,AT5G55560_Amplicon028_rev,CCCTTGAGAATCTGTTTGGACC
AT5G55560,AT5G55560_Amplicon029_fwd,ATTTAGCTCACTCGATCCTCG
AT5G55560,AT5G55560_Amplicon029_rev,CGCTGTCACATTCGCTATAAGG
AT5G55560,AT5G55560_Amplicon030_fwd,CGTCGCCAAAATATACAAAAGGGT
AT5G55560,AT5G55560_Amplicon030_rev,GTCGCAGAGGAGCTCAGC
AT5G55560,AT5G55560_Amplicon031_fwd,GTTTTTCGGATGATCCAGCC
AT5G55560,AT5G55560_Amplicon031_rev,AGGTACAGATCTCGGTGATGAA
AT5G55560,AT5G55560_Amplicon032_fwd,ACCCTTGCATCATCCACAGA
AT5G55560,AT5G55560_Amplicon032_rev,CAAGACACAACTCAACTCAATCAC
AT5G55560,AT5G55560_Amplicon033_fwd,TCACCCTGTATAAAGTGTGGAGA
AT5G55560,AT5G55560_Amplicon033_rev,TCAAAGCCCTCATAGAGACGTG
AT5G55560,AT5G55560_Amplicon034_fwd,TGGGGAAGAACCATTTAGCTCA
AT5G55560,AT5G55560_Amplicon034_rev,CGCTATAAGGAATCTCGAGTGACA
AT5G55560,AT5G55560_Amplicon035_fwd,AGAGAGTACCGGAAGAAGCAC
AT5G55560,AT5G55560_Amplicon035_rev,TGACGAAGATATTGCTACAGTTGA
AT5G55560,AT5G55560_Amplicon036_fwd,TCTCAAGGGCTTGGATTATCTCC
AT5G55560,AT5G55560_Amplicon036_rev,TCACACACACACACTAGTAGAACA
AT5G55560,AT5G55560_Amplicon037_fwd,ACGAGAGAAACAACACCTTGAAC
AT5G55560,AT5G55560_Amplicon037_rev,GAGATAATCCAAGCCCTTGAGA
AT5G55560,AT5G55560_Amplicon038_fwd,GGAACCAAGTCAAACTGAGATGT
AT5G55560,AT5G55560_Amplicon038_rev,CGTCTCTCCACACTTTATACAGGG
AT5G55560,AT5G55560_Amplicon039_fwd,GACCAAGAAGAAGGCATCGA
AT5G55560,AT5G55560_Amplicon039_rev,ACTGTTCTTAAGGTTCTTAAGCAACC
AT5G55560,AT5G55560_Amplicon040_fwd,TCCAAACAGATTCTCAAGGGCT
AT5G55560,AT5G55560_Amplicon040_rev,ACACACACTAGTAGAACAATTTACGA
AT5G55560,AT5G55560_Amplicon041_fwd,TGTATAAAGTGTGGAGAGACGAGA
AT5G55560,AT5G55560_Amplicon041_rev,AGAATCTGTTTGGACCACTTCT
AT5G55560,AT5G55560_Amplicon042_fwd,TGAAAATGATCAGGTCAAGATTGGT
AT5G55560,AT5G55560_Amplicon042_rev,ACCATCTCAGTGTAGTTCTCCT
AT5G55560,AT5G55560_Amplicon043_fwd,ACTACACTGAGATGGTTGACATATAC
AT5G55560,AT5G55560_Amplicon043_rev,ACTTTGTTGAGAGCCTCTGG
AT5G55560,AT5G55560_Amplicon044_fwd,ACATCATCACCCTGTATAAAGTGT
AT5G55560,AT5G55560_Amplicon044_rev,CACTTCTTCAAAGCCCTCATAGAG
AT5G55560,AT5G55560_Amplicon045_fwd,TTGATGATTGAAAATGATCAGGTCA
AT5G55560,AT5G55560_Amplicon045_rev,TGTCAACCATCTCAGTGTAGTT
AT5G55560,AT5G55560_Amplicon046_fwd,AGTGGTCCAAACAGATTCTCAA
AT5G55560,AT5G55560_Amplicon046_rev,CACTAGTAGAACAATTTACGATTGAGT
AT5G58350,AT5G58350_Amplicon001_fwd,CAGGGAAAGCTACCAGGAGC
AT5G58350,AT5G58350_Amplicon001_rev,ACCATCCAGGACTCATCGGA
AT5G58350,AT5G58350_Amplicon002_fwd,GTTGGAGACATCGAGGCACA
AT5G58350,AT5G58350_Amplicon002_rev,GCACCGCTCGTGTATACCAT
AT5G58350,AT5G58350_Amplicon003_fwd,AGCTGTCAGATGAACCAGGC
AT5G58350,AT5G58350_Amplicon003_rev,TCTTTGAGGCAGACACGAGG
AT5G58350,AT5G58350_Amplicon004_fwd,TCCGATGAGTCCTGGATGGT
AT5G58350,AT5G58350_Amplicon004_rev,TTCCCAGCGATGGACATCTC
AT5G58350,AT5G58350_Amplicon005_fwd,GCACAGAGGTTCATCGGGAA
AT5G58350,AT5G58350_Amplicon005_rev,AAGGGCTTTGGATTCCCAGC
AT5G58350,AT5G58350_Amplicon006_fwd,AGCACGACCCTCCTGTTATC
AT5G58350,AT5G58350_Amplicon006_rev,ATGATGCTATGGGCCGAGTG
AT5G58350,AT5G58350_Amplicon007_fwd,GAGCAATCAAGTCCTGGGCT
AT5G58350,AT5G58350_Amplicon007_rev,TGTCCAAGATGCCCATTCACA
AT5G58350,AT5G58350_Amplicon008_fwd,TGATCACCTCTGAGTTCCCG
AT5G58350,AT5G58350_Amplicon008_rev,GCCTGGTTCATCTGACAGCT
AT5G58350,AT5G58350_Amplicon009_fwd,TTCATCGGGAAATGCCTCGT
AT5G58350,AT5G58350_Amplicon009_rev,TCGTTCAAGAAGGGCTTTGGA
AT5G58350,AT5G58350_Amplicon010_fwd,CCCTGTCCCGTTCATATGCA
AT5G58350,AT5G58350_Amplicon010_rev,TAACAGGAGGGTCGTGCTCG
AT5G58350,AT5G58350_Amplicon011_fwd,TCATCATCGTCATCGTACCGA
AT5G58350,AT5G58350_Amplicon011_rev,ATGCACGTTGAGACTGGTGT
AT5G58350,AT5G58350_Amplicon012_fwd,TGGATGGTATACACGAGCGG
AT5G58350,AT5G58350_Amplicon012_rev,TTGTTATCTTCAGCGCCCAG
AT5G58350,AT5G58350_Amplicon013_fwd,TCAGATGAACCAGGCATGAGT
AT5G58350,AT5G58350_Amplicon013_rev,AGGCAGACACGAGGCATTTC
AT5G58350,AT5G58350_Amplicon014_fwd,CCTCGTGTCTGCCTCAAAGA
AT5G58350,AT5G58350_Amplicon014_rev,TCATTCTCGTTCAAGAAGGGCT
AT5G58350,AT5G58350_Amplicon015_fwd,TTGGGAGCCAGTCGAGATTG
AT5G58350,AT5G58350_Amplicon015_rev,GACGCGTGCGAGGAAGAA
AT5G58350,AT5G58350_Amplicon016_fwd,ACTCTTCTTCCTCGCACGC
AT5G58350,AT5G58350_Amplicon016_rev,TGTCACACTATGCACGTTGAGA
AT5G58350,AT5G58350_Amplicon017_fwd,CCAGGTCTGGCCAATAATGT
AT5G58350,AT5G58350_Amplicon017_rev,TAGCAATCTCGACTGGCTCC
AT5G58350,AT5G58350_Amplicon018_fwd,TTATGACCCTGTCCCGTTCA
AT5G58350,AT5G58350_Amplicon018_rev,TCGTGCTCGTGGAGATAAACT
AT5G58350,AT5G58350_Amplicon019_fwd,AGTTTATCTCCACGAGCACGA
AT5G58350,AT5G58350_Amplicon019_rev,CAGTCCCGCAGCATTCTTG
AT5G58350,AT5G58350_Amplicon020_fwd,GCTGGGAATCCAAAGCCCTT
AT5G58350,AT5G58350_Amplicon020_rev,TGCGATTTGTACTTCCAGATCGA
AT5G58350,AT5G58350_Amplicon021_fwd,CTTGCCTCCGATGAGTCCTG
AT5G58350,AT5G58350_Amplicon021_rev,ACATCTCGGTCCTTAACTCATCA
AT5G58350,AT5G58350_Amplicon022_fwd,TGAGGAAGATGATGAAACCCCT
AT5G58350,AT5G58350_Amplicon022_rev,CAATCTTGAAGGCCTCGAGC
AT5G58350,AT5G58350_Amplicon023_fwd,ACGTATTCTCAGAGTTCTTCCCA
AT5G58350,AT5G58350_Amplicon023_rev,GCTTTCTTCGGGGCAAAACC
AT5G58350,AT5G58350_Amplicon024_fwd,ATAGATTGGGAGCCAGTCGA
AT5G58350,AT5G58350_Amplicon024_rev,GTGCGAGGAAGAAGAGTGAA
AT5G58350,AT5G58350_Amplicon025_fwd,GCGATTTCTTCTTTGGTGTCTG
AT5G58350,AT5G58350_Amplicon025_rev,GAAGCTTGGGAAGATGACGC
AT5G58350,AT5G58350_Amplicon026_fwd,GGAAAGCTACCAGGAGCATTTT
AT5G58350,AT5G58350_Amplicon026_rev,TCATCGGAGGCAAGAAATGGA
AT5G58350,AT5G58350_Amplicon027_fwd,AAATGCCTCGTGTCTGCCTC
AT5G58350,AT5G58350_Amplicon027_rev,TCAGTGTGTCCATTTCATTCTCG
AT5G58350,AT5G58350_Amplicon028_fwd,CGTGTCTGCCTCAAAGAGAGTA
AT5G58350,AT5G58350_Amplicon028_rev,TCTTCCAACTTCAGTGTGTCCA
AT5G58350,AT5G58350_Amplicon029_fwd,TGAACCAGGCATGAGTCTTCT
AT5G58350,AT5G58350_Amplicon029_rev,TGCTGATACTCTCTTTGAGGCA
AT5G58350,AT5G58350_Amplicon030_fwd,GGAGCCAGTCGAGATTGCTAAA
AT5G58350,AT5G58350_Amplicon030_rev,AAGATGACGCGTGCGAGG
AT5G58350,AT5G58350_Amplicon031_fwd,GCAGATGATTTACACGATGAGACG
AT5G58350,AT5G58350_Amplicon031_rev,GGGGCAAAACCTCGTCATGT
AT5G58350,AT5G58350_Amplicon032_fwd,CCCCTCATGATCATCATCGTCA
AT5G58350,AT5G58350_Amplicon032_rev,CTTGTACCCAATCTTGAAGGCC
AT5G58350,AT5G58350_Amplicon033_fwd,GACCGAGATGTCCATCGCT
AT5G58350,AT5G58350_Amplicon033_rev,CCGAATAACAAAGTGACCAGCTT
AT5G58350,AT5G58350_Amplicon034_fwd,TTCCTCGCACGCGTCATCTT
AT5G58350,AT5G58350_Amplicon034_rev,ACAATTGTCACACTATGCACGT
AT5G58350,AT5G58350_Amplicon035_fwd,TCACCTCTGAGTTCCCGTATAG
AT5G58350,AT5G58350_Amplicon035_rev,AGACTCATGCCTGGTTCATCTG
AT5G58350,AT5G58350_Amplicon036_fwd,AGACCTCTTTGTGTTTCTTTTGCA
AT5G58350,AT5G58350_Amplicon036_rev,CGGGAACTCAGAGGTGATCA
AT5G58350,AT5G58350_Amplicon037_fwd,TCCATTTCTTGCCTCCGATGA
AT5G58350,AT5G58350_Amplicon037_rev,TCGGTCCTTAACTCATCATCTTCC
AT5G58350,AT5G58350_Amplicon038_fwd,AAGTCCTGGGCTCGGCAAAT
AT5G58350,AT5G58350_Amplicon038_rev,GACTTGTCCAAGATGCCCA
AT5G58350,AT5G58350_Amplicon039_fwd,CACTTTGTTATTCGGTCGCAT
AT5G58350,AT5G58350_Amplicon039_rev,TCGACTGGCTCCCAATCTAT
AT5G58350,AT5G58350_Amplicon040_fwd,CTCCACGAGCACGACCCTC
AT5G58350,AT5G58350_Amplicon040_rev,TACCAATGATGCTATGGGCC
AT5G58350,AT5G58350_Amplicon041_fwd,GTGTCTGATTGGAAGTATGAGGA
AT5G58350,AT5G58350_Amplicon041_rev,GTTCGAGAGTGAAGCTTGGGA
AT5G58350,AT5G58350_Amplicon042_fwd,TGTGAGCATATAAATGAAGCTGTCA
AT5G58350,AT5G58350_Amplicon042_rev,ACGAGGCATTTCCCGATGAA
AT5G58350,AT5G58350_Amplicon043_fwd,CCAGGAGCATTTTACAGAGTTGG
AT5G58350,AT5G58350_Amplicon043_rev,CGTGTATACCATCCAGGACTCA
AT5G58350,AT5G58350_Amplicon044_fwd,TGCCTCAAAGAGAGTATCAGCA
AT5G58350,AT5G58350_Amplicon044_rev,CCAACTTCAGTGTGTCCATTTCA
AT5G58350,AT5G58350_Amplicon045_fwd,TGTCTTTTATGACCCTGTCCC
AT5G58350,AT5G58350_Amplicon045_rev,GGTCGTGCTCGTGGAGAT
AT5G58350,AT5G58350_Amplicon046_fwd,TCATCGTCATCGTACCGATTCTT
AT5G58350,AT5G58350_Amplicon046_rev,CACGTTGAGACTGGTGTTACTT
AT5G58350,AT5G58350_Amplicon047_fwd,TTACAGAGTTGGAGACATCGAG
AT5G58350,AT5G58350_Amplicon047_rev,CCAGCACCGCTCGTGTAT
AT5G58350,AT5G58350_Amplicon048_fwd,GGGCATCTTGGACAAGTCAA
AT5G58350,AT5G58350_Amplicon048_rev,AGAAACACAAAGAGGTCTAAGCA
AT5G58350,AT5G58350_Amplicon049_fwd,GGTGATCTTGGTCTTGCAAGA
AT5G58350,AT5G58350_Amplicon049_rev,TGCAAAAGAAACACAAAGAGGTCT
AT5G58350,AT5G58350_Amplicon050_fwd,TCCAAAGCCCTTCTTGAACGA
AT5G58350,AT5G58350_Amplicon050_rev,TCCAGATCGATTTTGTTATCTTCAGC
AT5G58350,AT5G58350_Amplicon051_fwd,ACTCGAAATTATAGATTGGGAGCCA
AT5G58350,AT5G58350_Amplicon051_rev,ACGATGATGATCATGAGGGGT
AT5G58350,AT5G58350_Amplicon052_fwd,TGTGAATGGGCATCTTGGACA
AT5G58350,AT5G58350_Amplicon052_rev,GCATATGATTTGGACAAGAAGTGA
AT5G58350,AT5G58350_Amplicon053_fwd,TCCATTGATGTTGCAAAGGAGA
AT5G58350,AT5G58350_Amplicon053_rev,GAGGGGTTTCATCATCTTCCTC
AT5G58350,AT5G58350_Amplicon054_fwd,GCACCAGAATTATATGAGGAGAAC
AT5G58350,AT5G58350_Amplicon054_rev,AAATCTGTGCCGGATGGTTG
AT5G58350,AT5G58350_Amplicon055_fwd,TGCTTTTTGGAGATGATCACCTC
AT5G58350,AT5G58350_Amplicon055_rev,TGGTTCATCTGACAGCTTCATT
AT5G58350,AT5G58350_Amplicon056_fwd,GTCTGATTGGAAGTATGAGGAAGATG
AT5G58350,AT5G58350_Amplicon056_rev,GCCTCGAGCCATATAGTTCGA
AT5G58350,AT5G58350_Amplicon057_fwd,TGGACACACTGAAGTTGGAAGA
AT5G58350,AT5G58350_Amplicon057_rev,ACCAGCTTAATCAATTTAGTCCCA
AT5G58350,AT5G58350_Amplicon058_fwd,GCTGGTCACTTTGTTATTCGGT
AT5G58350,AT5G58350_Amplicon058_rev,GGCTCCCAATCTATAATTTCGAGT
AT5G58350,AT5G58350_Amplicon059_fwd,TGATTTACACGATGAGACGTATTCT
AT5G58350,AT5G58350_Amplicon059_rev,GCAAAACCTCGTCATGTTGTGA
AT5G58350,AT5G58350_Amplicon060_fwd,GCGGTGCTGGGAATCCAAAG
AT5G58350,AT5G58350_Amplicon060_rev,CGATTTGTACTTCCAGATCGATTTTG
