AT5G58350,AT5G58350_Amplicon01_fwd,CAGGGAAAGCTACCAGGAGC
AT5G58350,AT5G58350_Amplicon01_rev,ACCATCCAGGACTCATCGGA
AT5G58350,AT5G58350_Amplicon02_fwd,GCGGTGCTGGGAATCCAAAG
AT5G58350,AT5G58350_Amplicon02_rev,CGATTTGTACTTCCAGATCGATTTTG
AT3G48260,AT3G48260_Amplicon01_fwd,CCGATGATCAAGACATCTCAACG
AT3G48260,AT3G48260_Amplicon01_rev,TGGAGCGTCTCTGGAGAAGA
AT3G48260,AT3G48260_Amplicon02_fwd,TCCATATTGTCGATCCATTTTTCTCA
AT3G48260,AT3G48260_Amplicon02_rev,CTGACAAGCGTTGCGAGAC
AT3G51630,AT3G51630_Amplicon01_fwd,ATCCTTTGGAGATCGCTGCA
AT3G51630,AT3G51630_Amplicon01_rev,CTTCCCTCTGTGTCGCCATT
AT3G51630,AT3G51630_Amplicon02_fwd,CGGAGGCCCAACGTTTTGTT
AT3G51630,AT3G51630_Amplicon02_rev,TGGATTGCCAATTGTTGCGG
AT3G04910,AT3G04910_Amplicon01_fwd,CCAATCCTGGGGCAAATGTG
AT3G04910,AT3G04910_Amplicon01_rev,GCTTTCTTGCTGTTGCTGCA
AT3G04910,AT3G04910_Amplicon02_fwd,GTGCAGACAAATCTTGAGAGGC
AT3G04910,AT3G04910_Amplicon02_rev,TTCTTAAAATAGCAGCAAGGCC
AT3G18750,AT3G18750_Amplicon01_fwd,CGTCACGTTTATAGCCGAGC
AT3G18750,AT3G18750_Amplicon01_rev,TGTTTCTGTGGCTTTGCTTCG
AT3G18750,AT3G18750_Amplicon02_fwd,CGGCCTAGTAAAACCTTGTCG
AT3G18750,AT3G18750_Amplicon02_rev,CCTTGAGGACAAAGAAATTCCC
AT5G55560,AT5G55560_Amplicon01_fwd,ACGAGAGAAACAACACCTTGAAC
AT5G55560,AT5G55560_Amplicon01_rev,GAGATAATCCAAGCCCTTGAGA
AT5G55560,AT5G55560_Amplicon02_fwd,AGCTGCAATTGTGGGGAAGA
AT5G55560,AT5G55560_Amplicon02_rev,CACAAGCTCCAAAACGCACA
AT1G64630,AT1G64630_Amplicon01_fwd,AATACAAGTGTTTCCATCTGCTCT
AT1G64630,AT1G64630_Amplicon01_rev,TCTCCTCTCTCCACTCAGCT
AT1G64630,AT1G64630_Amplicon02_fwd,AGTGTCTTCTCCCAGCTCCT
AT1G64630,AT1G64630_Amplicon02_rev,GGTGGCATTGCAGGTTTGAA
AT3G22420,AT3G22420_Amplicon01_fwd,GATCGGTGACCTTGGACTCG
AT3G22420,AT3G22420_Amplicon01_rev,CACATAAACATAGTAAAGGTAGGTCCA
AT3G22420,AT3G22420_Amplicon02_fwd,CGTAACACGCTTTCGAGTTT
AT3G22420,AT3G22420_Amplicon02_rev,CGATTTTCGCAACATCTTGATTCG
AT5G28080,AT5G28080_Amplicon01_fwd,TGAATCGGATATGAGACGCGT
AT5G28080,AT5G28080_Amplicon01_rev,TCTCCATTGTAATCCCATTGGT
AT5G28080,AT5G28080_Amplicon02_fwd,AGATCTCTTGGAGTTTCAAAATGATG
AT5G28080,AT5G28080_Amplicon02_rev,ACAACCTTCCTTGTTGACGGT
AT5G41990,AT5G41990_Amplicon01_fwd,CGAGAATAAAAGTGTTTCAAGCAACG
AT5G41990,AT5G41990_Amplicon01_rev,GGTCAGCAATACGGAGAACCATA
AT5G41990,AT5G41990_Amplicon02_fwd,CGCTGAGGAAATGGTTGAGG
AT5G41990,AT5G41990_Amplicon02_rev,CCTCATGGGTTAGACGTGGAG
AT1G49160,AT1G49160_Amplicon01_fwd,TGGAGTTGTGTTTAAAGCAGCG
AT1G49160,AT1G49160_Amplicon01_rev,TCGGCGGATCTTGACTATGT
AT1G49160,AT1G49160_Amplicon02_fwd,GGATTCTTTTCTCAATGTGAACGGT
AT1G49160,AT1G49160_Amplicon02_rev,TGACATCGTTCTATTCCGAGCA
