AT1G49160	2576	2669	AT1G49160:2577-2669_+	.	\+	2577,2669	.	2	HiPlex_Set1_SMAPdesign_allAmplicons
AT1G49160	2901	3010	AT1G49160:2902-3010_+	.	\+	2902,3010	.	2	HiPlex_Set1_SMAPdesign_allAmplicons
AT1G49160	1728	1829	AT1G49160:1729-1829_+	.	\+	1729,1829	.	2	HiPlex_Set1_SMAPdesign_allAmplicons
AT1G49160	1743	1841	AT1G49160:1744-1841_+	.	\+	1744,1841	.	2	HiPlex_Set1_SMAPdesign_allAmplicons
AT1G49160	1862	1961	AT1G49160:1863-1961_+	.	\+	1863,1961	.	2	HiPlex_Set1_SMAPdesign_allAmplicons
AT1G49160	1701	1789	AT1G49160:1702-1789_+	.	\+	1702,1789	.	2	HiPlex_Set1_SMAPdesign_allAmplicons
AT1G49160	2776	2881	AT1G49160:2777-2881_+	.	\+	2777,2881	.	2	HiPlex_Set1_SMAPdesign_allAmplicons
AT1G49160	2689	2793	AT1G49160:2690-2793_+	.	\+	2690,2793	.	2	HiPlex_Set1_SMAPdesign_allAmplicons
AT1G49160	1755	1836	AT1G49160:1756-1836_+	.	\+	1756,1836	.	2	HiPlex_Set1_SMAPdesign_allAmplicons
AT1G49160	2317	2406	AT1G49160:2318-2406_+	.	\+	2318,2406	.	2	HiPlex_Set1_SMAPdesign_allAmplicons
AT1G49160	2473	2568	AT1G49160:2474-2568_+	.	\+	2474,2568	.	2	HiPlex_Set1_SMAPdesign_allAmplicons
AT1G49160	1867	1966	AT1G49160:1868-1966_+	.	\+	1868,1966	.	2	HiPlex_Set1_SMAPdesign_allAmplicons
AT1G49160	2479	2559	AT1G49160:2480-2559_+	.	\+	2480,2559	.	2	HiPlex_Set1_SMAPdesign_allAmplicons
AT1G49160	2650	2755	AT1G49160:2651-2755_+	.	\+	2651,2755	.	2	HiPlex_Set1_SMAPdesign_allAmplicons
AT1G49160	2784	2886	AT1G49160:2785-2886_+	.	\+	2785,2886	.	2	HiPlex_Set1_SMAPdesign_allAmplicons
AT1G49160	2122	2216	AT1G49160:2123-2216_+	.	\+	2123,2216	.	2	HiPlex_Set1_SMAPdesign_allAmplicons
AT1G49160	2487	2573	AT1G49160:2488-2573_+	.	\+	2488,2573	.	2	HiPlex_Set1_SMAPdesign_allAmplicons
AT1G64630	2449	2544	AT1G64630:2450-2544_+	.	\+	2450,2544	.	2	HiPlex_Set1_SMAPdesign_allAmplicons
AT1G64630	2134	2217	AT1G64630:2135-2217_+	.	\+	2135,2217	.	2	HiPlex_Set1_SMAPdesign_allAmplicons
AT1G64630	2237	2330	AT1G64630:2238-2330_+	.	\+	2238,2330	.	2	HiPlex_Set1_SMAPdesign_allAmplicons
AT1G64630	1637	1717	AT1G64630:1638-1717_+	.	\+	1638,1717	.	2	HiPlex_Set1_SMAPdesign_allAmplicons
AT1G64630	2350	2450	AT1G64630:2351-2450_+	.	\+	2351,2450	.	2	HiPlex_Set1_SMAPdesign_allAmplicons
AT1G64630	2140	2226	AT1G64630:2141-2226_+	.	\+	2141,2226	.	2	HiPlex_Set1_SMAPdesign_allAmplicons
AT1G64630	2713	2798	AT1G64630:2714-2798_+	.	\+	2714,2798	.	2	HiPlex_Set1_SMAPdesign_allAmplicons
AT1G64630	2246	2339	AT1G64630:2247-2339_+	.	\+	2247,2339	.	2	HiPlex_Set1_SMAPdesign_allAmplicons
AT1G64630	2443	2524	AT1G64630:2444-2524_+	.	\+	2444,2524	.	2	HiPlex_Set1_SMAPdesign_allAmplicons
AT1G64630	2292	2398	AT1G64630:2293-2398_+	.	\+	2293,2398	.	2	HiPlex_Set1_SMAPdesign_allAmplicons
AT1G64630	2420	2513	AT1G64630:2421-2513_+	.	\+	2421,2513	.	2	HiPlex_Set1_SMAPdesign_allAmplicons
AT1G64630	2310	2417	AT1G64630:2311-2417_+	.	\+	2311,2417	.	2	HiPlex_Set1_SMAPdesign_allAmplicons
AT1G64630	2438	2519	AT1G64630:2439-2519_+	.	\+	2439,2519	.	2	HiPlex_Set1_SMAPdesign_allAmplicons
AT1G64630	2318	2424	AT1G64630:2319-2424_+	.	\+	2319,2424	.	2	HiPlex_Set1_SMAPdesign_allAmplicons
AT1G64630	2300	2403	AT1G64630:2301-2403_+	.	\+	2301,2403	.	2	HiPlex_Set1_SMAPdesign_allAmplicons
AT1G64630	2456	2539	AT1G64630:2457-2539_+	.	\+	2457,2539	.	2	HiPlex_Set1_SMAPdesign_allAmplicons
AT1G64630	2343	2432	AT1G64630:2344-2432_+	.	\+	2344,2432	.	2	HiPlex_Set1_SMAPdesign_allAmplicons
AT1G64630	2426	2507	AT1G64630:2427-2507_+	.	\+	2427,2507	.	2	HiPlex_Set1_SMAPdesign_allAmplicons
AT1G64630	2475	2559	AT1G64630:2476-2559_+	.	\+	2476,2559	.	2	HiPlex_Set1_SMAPdesign_allAmplicons
AT1G64630	2719	2816	AT1G64630:2720-2816_+	.	\+	2720,2816	.	2	HiPlex_Set1_SMAPdesign_allAmplicons
AT1G64630	2414	2490	AT1G64630:2415-2490_+	.	\+	2415,2490	.	2	HiPlex_Set1_SMAPdesign_allAmplicons
AT1G64630	2272	2348	AT1G64630:2273-2348_+	.	\+	2273,2348	.	2	HiPlex_Set1_SMAPdesign_allAmplicons
AT1G64630	2480	2554	AT1G64630:2481-2554_+	.	\+	2481,2554	.	2	HiPlex_Set1_SMAPdesign_allAmplicons
AT1G64630	2485	2564	AT1G64630:2486-2564_+	.	\+	2486,2564	.	2	HiPlex_Set1_SMAPdesign_allAmplicons
AT1G64630	2370	2470	AT1G64630:2371-2470_+	.	\+	2371,2470	.	2	HiPlex_Set1_SMAPdesign_allAmplicons
AT1G64630	2708	2809	AT1G64630:2709-2809_+	.	\+	2709,2809	.	2	HiPlex_Set1_SMAPdesign_allAmplicons
AT1G64630	2338	2437	AT1G64630:2339-2437_+	.	\+	2339,2437	.	2	HiPlex_Set1_SMAPdesign_allAmplicons
AT1G64630	2749	2822	AT1G64630:2750-2822_+	.	\+	2750,2822	.	2	HiPlex_Set1_SMAPdesign_allAmplicons
AT1G64630	2662	2735	AT1G64630:2663-2735_+	.	\+	2663,2735	.	2	HiPlex_Set1_SMAPdesign_allAmplicons
AT1G64630	2792	2890	AT1G64630:2793-2890_+	.	\+	2793,2890	.	2	HiPlex_Set1_SMAPdesign_allAmplicons
AT1G64630	2628	2728	AT1G64630:2629-2728_+	.	\+	2629,2728	.	2	HiPlex_Set1_SMAPdesign_allAmplicons
AT1G64630	2673	2773	AT1G64630:2674-2773_+	.	\+	2674,2773	.	2	HiPlex_Set1_SMAPdesign_allAmplicons
AT1G64630	1740	1845	AT1G64630:1741-1845_+	.	\+	1741,1845	.	2	HiPlex_Set1_SMAPdesign_allAmplicons
AT3G04910	3353	3433	AT3G04910:3354-3433_+	.	\+	3354,3433	.	2	HiPlex_Set1_SMAPdesign_allAmplicons
AT3G04910	2616	2708	AT3G04910:2617-2708_+	.	\+	2617,2708	.	2	HiPlex_Set1_SMAPdesign_allAmplicons
AT3G04910	3237	3333	AT3G04910:3238-3333_+	.	\+	3238,3333	.	2	HiPlex_Set1_SMAPdesign_allAmplicons
AT3G04910	2818	2917	AT3G04910:2819-2917_+	.	\+	2819,2917	.	2	HiPlex_Set1_SMAPdesign_allAmplicons
AT3G04910	2934	3015	AT3G04910:2935-3015_+	.	\+	2935,3015	.	2	HiPlex_Set1_SMAPdesign_allAmplicons
AT3G04910	2719	2799	AT3G04910:2720-2799_+	.	\+	2720,2799	.	2	HiPlex_Set1_SMAPdesign_allAmplicons
AT3G04910	3335	3438	AT3G04910:3336-3438_+	.	\+	3336,3438	.	2	HiPlex_Set1_SMAPdesign_allAmplicons
AT3G04910	3458	3555	AT3G04910:3459-3555_+	.	\+	3459,3555	.	2	HiPlex_Set1_SMAPdesign_allAmplicons
AT3G04910	3575	3669	AT3G04910:3576-3669_+	.	\+	3576,3669	.	2	HiPlex_Set1_SMAPdesign_allAmplicons
AT3G04910	2626	2719	AT3G04910:2627-2719_+	.	\+	2627,2719	.	2	HiPlex_Set1_SMAPdesign_allAmplicons
AT3G04910	3390	3482	AT3G04910:3391-3482_+	.	\+	3391,3482	.	2	HiPlex_Set1_SMAPdesign_allAmplicons
AT3G04910	3546	3634	AT3G04910:3547-3634_+	.	\+	3547,3634	.	2	HiPlex_Set1_SMAPdesign_allAmplicons
AT3G04910	3167	3272	AT3G04910:3168-3272_+	.	\+	3168,3272	.	2	HiPlex_Set1_SMAPdesign_allAmplicons
AT3G04910	3428	3525	AT3G04910:3429-3525_+	.	\+	3429,3525	.	2	HiPlex_Set1_SMAPdesign_allAmplicons
AT3G04910	3433	3516	AT3G04910:3434-3516_+	.	\+	3434,3516	.	2	HiPlex_Set1_SMAPdesign_allAmplicons
AT3G04910	3161	3246	AT3G04910:3162-3246_+	.	\+	3162,3246	.	2	HiPlex_Set1_SMAPdesign_allAmplicons
AT3G04910	3266	3370	AT3G04910:3267-3370_+	.	\+	3267,3370	.	2	HiPlex_Set1_SMAPdesign_allAmplicons
AT3G04910	3498	3596	AT3G04910:3499-3596_+	.	\+	3499,3596	.	2	HiPlex_Set1_SMAPdesign_allAmplicons
AT3G04910	3324	3408	AT3G04910:3325-3408_+	.	\+	3325,3408	.	2	HiPlex_Set1_SMAPdesign_allAmplicons
AT3G04910	3293	3395	AT3G04910:3294-3395_+	.	\+	3294,3395	.	2	HiPlex_Set1_SMAPdesign_allAmplicons
AT3G04910	2914	3021	AT3G04910:2915-3021_+	.	\+	2915,3021	.	2	HiPlex_Set1_SMAPdesign_allAmplicons
AT3G04910	3206	3315	AT3G04910:3207-3315_+	.	\+	3207,3315	.	2	HiPlex_Set1_SMAPdesign_allAmplicons
AT3G04910	3537	3642	AT3G04910:3538-3642_+	.	\+	3538,3642	.	2	HiPlex_Set1_SMAPdesign_allAmplicons
AT3G04910	3253	3338	AT3G04910:3254-3338_+	.	\+	3254,3338	.	2	HiPlex_Set1_SMAPdesign_allAmplicons
AT3G04910	3242	3320	AT3G04910:3243-3320_+	.	\+	3243,3320	.	2	HiPlex_Set1_SMAPdesign_allAmplicons
AT3G04910	3532	3620	AT3G04910:3533-3620_+	.	\+	3533,3620	.	2	HiPlex_Set1_SMAPdesign_allAmplicons
AT3G04910	3481	3584	AT3G04910:3482-3584_+	.	\+	3482,3584	.	2	HiPlex_Set1_SMAPdesign_allAmplicons
AT3G04910	3463	3545	AT3G04910:3464-3545_+	.	\+	3464,3545	.	2	HiPlex_Set1_SMAPdesign_allAmplicons
AT3G04910	2929	3039	AT3G04910:2930-3039_+	.	\+	2930,3039	.	2	HiPlex_Set1_SMAPdesign_allAmplicons
AT3G04910	2621	2724	AT3G04910:2622-2724_+	.	\+	2622,2724	.	2	HiPlex_Set1_SMAPdesign_allAmplicons
AT3G04910	2813	2905	AT3G04910:2814-2905_+	.	\+	2814,2905	.	2	HiPlex_Set1_SMAPdesign_allAmplicons
AT3G04910	2904	3009	AT3G04910:2905-3009_+	.	\+	2905,3009	.	2	HiPlex_Set1_SMAPdesign_allAmplicons
AT3G04910	2545	2649	AT3G04910:2546-2649_+	.	\+	2546,2649	.	2	HiPlex_Set1_SMAPdesign_allAmplicons
AT3G04910	2077	2184	AT3G04910:2078-2184_+	.	\+	2078,2184	.	2	HiPlex_Set1_SMAPdesign_allAmplicons
AT3G04910	2597	2699	AT3G04910:2598-2699_+	.	\+	2598,2699	.	2	HiPlex_Set1_SMAPdesign_allAmplicons
AT3G04910	3224	3309	AT3G04910:3225-3309_+	.	\+	3225,3309	.	2	HiPlex_Set1_SMAPdesign_allAmplicons
AT3G04910	3489	3579	AT3G04910:3490-3579_+	.	\+	3490,3579	.	2	HiPlex_Set1_SMAPdesign_allAmplicons
AT3G04910	3470	3560	AT3G04910:3471-3560_+	.	\+	3471,3560	.	2	HiPlex_Set1_SMAPdesign_allAmplicons
AT3G04910	3156	3233	AT3G04910:3157-3233_+	.	\+	3157,3233	.	2	HiPlex_Set1_SMAPdesign_allAmplicons
AT3G04910	3345	3443	AT3G04910:3346-3443_+	.	\+	3346,3443	.	2	HiPlex_Set1_SMAPdesign_allAmplicons
AT3G04910	2532	2607	AT3G04910:2533-2607_+	.	\+	2533,2607	.	2	HiPlex_Set1_SMAPdesign_allAmplicons
AT3G04910	2942	3034	AT3G04910:2943-3034_+	.	\+	2943,3034	.	2	HiPlex_Set1_SMAPdesign_allAmplicons
AT3G04910	3438	3532	AT3G04910:3439-3532_+	.	\+	3439,3532	.	2	HiPlex_Set1_SMAPdesign_allAmplicons
AT3G04910	3247	3328	AT3G04910:3248-3328_+	.	\+	3248,3328	.	2	HiPlex_Set1_SMAPdesign_allAmplicons
AT3G04910	2714	2794	AT3G04910:2715-2794_+	.	\+	2715,2794	.	2	HiPlex_Set1_SMAPdesign_allAmplicons
AT3G04910	3415	3500	AT3G04910:3416-3500_+	.	\+	3416,3500	.	2	HiPlex_Set1_SMAPdesign_allAmplicons
AT3G04910	3144	3218	AT3G04910:3145-3218_+	.	\+	3145,3218	.	2	HiPlex_Set1_SMAPdesign_allAmplicons
AT3G04910	2058	2163	AT3G04910:2059-2163_+	.	\+	2059,2163	.	2	HiPlex_Set1_SMAPdesign_allAmplicons
AT3G04910	3180	3267	AT3G04910:3181-3267_+	.	\+	3181,3267	.	2	HiPlex_Set1_SMAPdesign_allAmplicons
AT3G04910	3552	3629	AT3G04910:3553-3629_+	.	\+	3553,3629	.	2	HiPlex_Set1_SMAPdesign_allAmplicons
AT3G04910	2521	2599	AT3G04910:2522-2599_+	.	\+	2522,2599	.	2	HiPlex_Set1_SMAPdesign_allAmplicons
AT3G04910	2567	2666	AT3G04910:2568-2666_+	.	\+	2568,2666	.	2	HiPlex_Set1_SMAPdesign_allAmplicons
AT3G04910	3150	3224	AT3G04910:3151-3224_+	.	\+	3151,3224	.	2	HiPlex_Set1_SMAPdesign_allAmplicons
AT3G04910	3581	3688	AT3G04910:3582-3688_+	.	\+	3582,3688	.	2	HiPlex_Set1_SMAPdesign_allAmplicons
AT3G04910	2670	2747	AT3G04910:2671-2747_+	.	\+	2671,2747	.	2	HiPlex_Set1_SMAPdesign_allAmplicons
AT3G04910	2948	3044	AT3G04910:2949-3044_+	.	\+	2949,3044	.	2	HiPlex_Set1_SMAPdesign_allAmplicons
AT3G04910	2575	2672	AT3G04910:2576-2672_+	.	\+	2576,2672	.	2	HiPlex_Set1_SMAPdesign_allAmplicons
AT3G04910	3114	3206	AT3G04910:3115-3206_+	.	\+	3115,3206	.	2	HiPlex_Set1_SMAPdesign_allAmplicons
AT3G18750	2880	2971	AT3G18750:2881-2971_+	.	\+	2881,2971	.	2	HiPlex_Set1_SMAPdesign_allAmplicons
AT3G18750	3158	3243	AT3G18750:3159-3243_+	.	\+	3159,3243	.	2	HiPlex_Set1_SMAPdesign_allAmplicons
AT3G18750	3275	3381	AT3G18750:3276-3381_+	.	\+	3276,3381	.	2	HiPlex_Set1_SMAPdesign_allAmplicons
AT3G18750	2723	2821	AT3G18750:2724-2821_+	.	\+	2724,2821	.	2	HiPlex_Set1_SMAPdesign_allAmplicons
AT3G18750	2841	2937	AT3G18750:2842-2937_+	.	\+	2842,2937	.	2	HiPlex_Set1_SMAPdesign_allAmplicons
AT3G18750	2767	2860	AT3G18750:2768-2860_+	.	\+	2768,2860	.	2	HiPlex_Set1_SMAPdesign_allAmplicons
AT3G18750	3328	3427	AT3G18750:3329-3427_+	.	\+	3329,3427	.	2	HiPlex_Set1_SMAPdesign_allAmplicons
AT3G18750	3263	3370	AT3G18750:3264-3370_+	.	\+	3264,3370	.	2	HiPlex_Set1_SMAPdesign_allAmplicons
AT3G18750	3313	3390	AT3G18750:3314-3390_+	.	\+	3314,3390	.	2	HiPlex_Set1_SMAPdesign_allAmplicons
AT3G18750	2603	2708	AT3G18750:2604-2708_+	.	\+	2604,2708	.	2	HiPlex_Set1_SMAPdesign_allAmplicons
AT3G18750	2018	2094	AT3G18750:2019-2094_+	.	\+	2019,2094	.	2	HiPlex_Set1_SMAPdesign_allAmplicons
AT3G18750	1990	2089	AT3G18750:1991-2089_+	.	\+	1991,2089	.	2	HiPlex_Set1_SMAPdesign_allAmplicons
AT3G18750	2642	2723	AT3G18750:2643-2723_+	.	\+	2643,2723	.	2	HiPlex_Set1_SMAPdesign_allAmplicons
AT3G18750	2634	2716	AT3G18750:2635-2716_+	.	\+	2635,2716	.	2	HiPlex_Set1_SMAPdesign_allAmplicons
AT3G18750	2991	3076	AT3G18750:2992-3076_+	.	\+	2992,3076	.	2	HiPlex_Set1_SMAPdesign_allAmplicons
AT3G18750	2957	3061	AT3G18750:2958-3061_+	.	\+	2958,3061	.	2	HiPlex_Set1_SMAPdesign_allAmplicons
AT3G18750	2774	2855	AT3G18750:2775-2855_+	.	\+	2775,2855	.	2	HiPlex_Set1_SMAPdesign_allAmplicons
AT3G18750	2669	2752	AT3G18750:2670-2752_+	.	\+	2670,2752	.	2	HiPlex_Set1_SMAPdesign_allAmplicons
AT3G18750	3242	3338	AT3G18750:3243-3338_+	.	\+	3243,3338	.	2	HiPlex_Set1_SMAPdesign_allAmplicons
AT3G18750	2894	2984	AT3G18750:2895-2984_+	.	\+	2895,2984	.	2	HiPlex_Set1_SMAPdesign_allAmplicons
AT3G18750	2620	2703	AT3G18750:2621-2703_+	.	\+	2621,2703	.	2	HiPlex_Set1_SMAPdesign_allAmplicons
AT3G18750	3291	3375	AT3G18750:3292-3375_+	.	\+	3292,3375	.	2	HiPlex_Set1_SMAPdesign_allAmplicons
AT3G18750	3252	3351	AT3G18750:3253-3351_+	.	\+	3253,3351	.	2	HiPlex_Set1_SMAPdesign_allAmplicons
AT3G18750	2779	2873	AT3G18750:2780-2873_+	.	\+	2780,2873	.	2	HiPlex_Set1_SMAPdesign_allAmplicons
AT3G18750	3321	3399	AT3G18750:3322-3399_+	.	\+	3322,3399	.	2	HiPlex_Set1_SMAPdesign_allAmplicons
AT3G18750	3258	3359	AT3G18750:3259-3359_+	.	\+	3259,3359	.	2	HiPlex_Set1_SMAPdesign_allAmplicons
AT3G18750	2806	2884	AT3G18750:2807-2884_+	.	\+	2807,2884	.	2	HiPlex_Set1_SMAPdesign_allAmplicons
AT3G18750	2784	2867	AT3G18750:2785-2867_+	.	\+	2785,2867	.	2	HiPlex_Set1_SMAPdesign_allAmplicons
AT3G18750	1978	2076	AT3G18750:1979-2076_+	.	\+	1979,2076	.	2	HiPlex_Set1_SMAPdesign_allAmplicons
AT3G18750	3007	3081	AT3G18750:3008-3081_+	.	\+	3008,3081	.	2	HiPlex_Set1_SMAPdesign_allAmplicons
AT3G18750	3307	3404	AT3G18750:3308-3404_+	.	\+	3308,3404	.	2	HiPlex_Set1_SMAPdesign_allAmplicons
AT3G22420	2072	2169	AT3G22420:2073-2169_+	.	\+	2073,2169	.	2	HiPlex_Set1_SMAPdesign_allAmplicons
AT3G22420	2524	2633	AT3G22420:2525-2633_+	.	\+	2525,2633	.	2	HiPlex_Set1_SMAPdesign_allAmplicons
AT3G22420	2430	2510	AT3G22420:2431-2510_+	.	\+	2431,2510	.	2	HiPlex_Set1_SMAPdesign_allAmplicons
AT3G22420	2443	2550	AT3G22420:2444-2550_+	.	\+	2444,2550	.	2	HiPlex_Set1_SMAPdesign_allAmplicons
AT3G22420	2081	2162	AT3G22420:2082-2162_+	.	\+	2082,2162	.	2	HiPlex_Set1_SMAPdesign_allAmplicons
AT3G22420	2318	2403	AT3G22420:2319-2403_+	.	\+	2319,2403	.	2	HiPlex_Set1_SMAPdesign_allAmplicons
AT3G22420	2000	2079	AT3G22420:2001-2079_+	.	\+	2001,2079	.	2	HiPlex_Set1_SMAPdesign_allAmplicons
AT3G22420	1534	1628	AT3G22420:1535-1628_+	.	\+	1535,1628	.	2	HiPlex_Set1_SMAPdesign_allAmplicons
AT3G22420	2530	2638	AT3G22420:2531-2638_+	.	\+	2531,2638	.	2	HiPlex_Set1_SMAPdesign_allAmplicons
AT3G22420	2448	2542	AT3G22420:2449-2542_+	.	\+	2449,2542	.	2	HiPlex_Set1_SMAPdesign_allAmplicons
AT3G22420	2192	2297	AT3G22420:2193-2297_+	.	\+	2193,2297	.	2	HiPlex_Set1_SMAPdesign_allAmplicons
AT3G22420	2551	2649	AT3G22420:2552-2649_+	.	\+	2552,2649	.	2	HiPlex_Set1_SMAPdesign_allAmplicons
AT3G22420	1624	1705	AT3G22420:1625-1705_+	.	\+	1625,1705	.	2	HiPlex_Set1_SMAPdesign_allAmplicons
AT3G22420	1960	2051	AT3G22420:1961-2051_+	.	\+	1961,2051	.	2	HiPlex_Set1_SMAPdesign_allAmplicons
AT3G22420	2086	2174	AT3G22420:2087-2174_+	.	\+	2087,2174	.	2	HiPlex_Set1_SMAPdesign_allAmplicons
AT3G22420	1994	2069	AT3G22420:1995-2069_+	.	\+	1995,2069	.	2	HiPlex_Set1_SMAPdesign_allAmplicons
AT3G22420	1952	2056	AT3G22420:1953-2056_+	.	\+	1953,2056	.	2	HiPlex_Set1_SMAPdesign_allAmplicons
AT3G22420	2413	2495	AT3G22420:2414-2495_+	.	\+	2414,2495	.	2	HiPlex_Set1_SMAPdesign_allAmplicons
AT3G22420	2515	2610	AT3G22420:2516-2610_+	.	\+	2516,2610	.	2	HiPlex_Set1_SMAPdesign_allAmplicons
AT3G22420	2504	2585	AT3G22420:2505-2585_+	.	\+	2505,2585	.	2	HiPlex_Set1_SMAPdesign_allAmplicons
AT3G22420	1648	1729	AT3G22420:1649-1729_+	.	\+	1649,1729	.	2	HiPlex_Set1_SMAPdesign_allAmplicons
AT3G22420	1987	2064	AT3G22420:1988-2064_+	.	\+	1988,2064	.	2	HiPlex_Set1_SMAPdesign_allAmplicons
AT3G22420	2425	2527	AT3G22420:2426-2527_+	.	\+	2426,2527	.	2	HiPlex_Set1_SMAPdesign_allAmplicons
AT3G22420	2435	2515	AT3G22420:2436-2515_+	.	\+	2436,2515	.	2	HiPlex_Set1_SMAPdesign_allAmplicons
AT3G22420	2067	2156	AT3G22420:2068-2156_+	.	\+	2068,2156	.	2	HiPlex_Set1_SMAPdesign_allAmplicons
AT3G22420	1822	1917	AT3G22420:1823-1917_+	.	\+	1823,1917	.	2	HiPlex_Set1_SMAPdesign_allAmplicons
AT3G22420	2510	2592	AT3G22420:2511-2592_+	.	\+	2511,2592	.	2	HiPlex_Set1_SMAPdesign_allAmplicons
AT3G22420	2183	2263	AT3G22420:2184-2263_+	.	\+	2184,2263	.	2	HiPlex_Set1_SMAPdesign_allAmplicons
AT3G22420	2292	2393	AT3G22420:2293-2393_+	.	\+	2293,2393	.	2	HiPlex_Set1_SMAPdesign_allAmplicons
AT3G22420	1613	1712	AT3G22420:1614-1712_+	.	\+	1614,1712	.	2	HiPlex_Set1_SMAPdesign_allAmplicons
AT3G22420	2367	2469	AT3G22420:2368-2469_+	.	\+	2368,2469	.	2	HiPlex_Set1_SMAPdesign_allAmplicons
AT3G22420	2400	2484	AT3G22420:2401-2484_+	.	\+	2401,2484	.	2	HiPlex_Set1_SMAPdesign_allAmplicons
AT3G22420	2093	2179	AT3G22420:2094-2179_+	.	\+	2094,2179	.	2	HiPlex_Set1_SMAPdesign_allAmplicons
AT3G22420	1947	2045	AT3G22420:1948-2045_+	.	\+	1948,2045	.	2	HiPlex_Set1_SMAPdesign_allAmplicons
AT3G22420	2035	2134	AT3G22420:2036-2134_+	.	\+	2036,2134	.	2	HiPlex_Set1_SMAPdesign_allAmplicons
AT3G22420	2499	2604	AT3G22420:2500-2604_+	.	\+	2500,2604	.	2	HiPlex_Set1_SMAPdesign_allAmplicons
AT3G22420	2099	2201	AT3G22420:2100-2201_+	.	\+	2100,2201	.	2	HiPlex_Set1_SMAPdesign_allAmplicons
AT3G22420	2408	2504	AT3G22420:2409-2504_+	.	\+	2409,2504	.	2	HiPlex_Set1_SMAPdesign_allAmplicons
AT3G22420	2114	2211	AT3G22420:2115-2211_+	.	\+	2115,2211	.	2	HiPlex_Set1_SMAPdesign_allAmplicons
AT3G22420	2239	2343	AT3G22420:2240-2343_+	.	\+	2240,2343	.	2	HiPlex_Set1_SMAPdesign_allAmplicons
AT3G22420	1529	1623	AT3G22420:1530-1623_+	.	\+	1530,1623	.	2	HiPlex_Set1_SMAPdesign_allAmplicons
AT3G22420	2606	2687	AT3G22420:2607-2687_+	.	\+	2607,2687	.	2	HiPlex_Set1_SMAPdesign_allAmplicons
AT3G22420	2177	2257	AT3G22420:2178-2257_+	.	\+	2178,2257	.	2	HiPlex_Set1_SMAPdesign_allAmplicons
AT3G22420	2372	2464	AT3G22420:2373-2464_+	.	\+	2373,2464	.	2	HiPlex_Set1_SMAPdesign_allAmplicons
AT3G22420	1438	1512	AT3G22420:1439-1512_+	.	\+	1439,1512	.	2	HiPlex_Set1_SMAPdesign_allAmplicons
AT3G22420	2246	2329	AT3G22420:2247-2329_+	.	\+	2247,2329	.	2	HiPlex_Set1_SMAPdesign_allAmplicons
AT3G22420	2279	2373	AT3G22420:2280-2373_+	.	\+	2280,2373	.	2	HiPlex_Set1_SMAPdesign_allAmplicons
AT3G22420	2147	2221	AT3G22420:2148-2221_+	.	\+	2148,2221	.	2	HiPlex_Set1_SMAPdesign_allAmplicons
AT3G22420	1966	2036	AT3G22420:1967-2036_+	.	\+	1967,2036	.	2	HiPlex_Set1_SMAPdesign_allAmplicons
AT3G48260	1994	2092	AT3G48260:1995-2092_+	.	\+	1995,2092	.	2	HiPlex_Set1_SMAPdesign_allAmplicons
AT3G48260	1732	1817	AT3G48260:1733-1817_+	.	\+	1733,1817	.	2	HiPlex_Set1_SMAPdesign_allAmplicons
AT3G48260	2547	2634	AT3G48260:2548-2634_+	.	\+	2548,2634	.	2	HiPlex_Set1_SMAPdesign_allAmplicons
AT3G48260	2654	2757	AT3G48260:2655-2757_+	.	\+	2655,2757	.	2	HiPlex_Set1_SMAPdesign_allAmplicons
AT3G48260	2643	2741	AT3G48260:2644-2741_+	.	\+	2644,2741	.	2	HiPlex_Set1_SMAPdesign_allAmplicons
AT3G48260	2542	2623	AT3G48260:2543-2623_+	.	\+	2543,2623	.	2	HiPlex_Set1_SMAPdesign_allAmplicons
AT3G48260	2679	2783	AT3G48260:2680-2783_+	.	\+	2680,2783	.	2	HiPlex_Set1_SMAPdesign_allAmplicons
AT3G48260	2593	2689	AT3G48260:2594-2689_+	.	\+	2594,2689	.	2	HiPlex_Set1_SMAPdesign_allAmplicons
AT3G48260	2506	2613	AT3G48260:2507-2613_+	.	\+	2507,2613	.	2	HiPlex_Set1_SMAPdesign_allAmplicons
AT3G48260	2574	2656	AT3G48260:2575-2656_+	.	\+	2575,2656	.	2	HiPlex_Set1_SMAPdesign_allAmplicons
AT3G48260	1938	2014	AT3G48260:1939-2014_+	.	\+	1939,2014	.	2	HiPlex_Set1_SMAPdesign_allAmplicons
AT3G48260	2038	2147	AT3G48260:2039-2147_+	.	\+	2039,2147	.	2	HiPlex_Set1_SMAPdesign_allAmplicons
AT3G48260	2673	2774	AT3G48260:2674-2774_+	.	\+	2674,2774	.	2	HiPlex_Set1_SMAPdesign_allAmplicons
AT3G48260	2279	2372	AT3G48260:2280-2372_+	.	\+	2280,2372	.	2	HiPlex_Set1_SMAPdesign_allAmplicons
AT3G48260	1964	2057	AT3G48260:1965-2057_+	.	\+	1965,2057	.	2	HiPlex_Set1_SMAPdesign_allAmplicons
AT3G48260	1672	1767	AT3G48260:1673-1767_+	.	\+	1673,1767	.	2	HiPlex_Set1_SMAPdesign_allAmplicons
AT3G48260	1924	2007	AT3G48260:1925-2007_+	.	\+	1925,2007	.	2	HiPlex_Set1_SMAPdesign_allAmplicons
AT3G48260	2599	2684	AT3G48260:2600-2684_+	.	\+	2600,2684	.	2	HiPlex_Set1_SMAPdesign_allAmplicons
AT3G48260	1787	1887	AT3G48260:1788-1887_+	.	\+	1788,1887	.	2	HiPlex_Set1_SMAPdesign_allAmplicons
AT3G48260	1797	1899	AT3G48260:1798-1899_+	.	\+	1798,1899	.	2	HiPlex_Set1_SMAPdesign_allAmplicons
AT3G48260	2501	2606	AT3G48260:2502-2606_+	.	\+	2502,2606	.	2	HiPlex_Set1_SMAPdesign_allAmplicons
AT3G48260	1710	1808	AT3G48260:1711-1808_+	.	\+	1711,1808	.	2	HiPlex_Set1_SMAPdesign_allAmplicons
AT3G48260	2262	2335	AT3G48260:2263-2335_+	.	\+	2263,2335	.	2	HiPlex_Set1_SMAPdesign_allAmplicons
AT3G48260	2534	2629	AT3G48260:2535-2629_+	.	\+	2535,2629	.	2	HiPlex_Set1_SMAPdesign_allAmplicons
AT3G48260	1951	2032	AT3G48260:1952-2032_+	.	\+	1952,2032	.	2	HiPlex_Set1_SMAPdesign_allAmplicons
AT3G48260	2033	2139	AT3G48260:2034-2139_+	.	\+	2034,2139	.	2	HiPlex_Set1_SMAPdesign_allAmplicons
AT3G48260	1933	2019	AT3G48260:1934-2019_+	.	\+	1934,2019	.	2	HiPlex_Set1_SMAPdesign_allAmplicons
AT3G48260	2248	2323	AT3G48260:2249-2323_+	.	\+	2249,2323	.	2	HiPlex_Set1_SMAPdesign_allAmplicons
AT3G48260	1974	2051	AT3G48260:1975-2051_+	.	\+	1975,2051	.	2	HiPlex_Set1_SMAPdesign_allAmplicons
AT3G48260	2027	2130	AT3G48260:2028-2130_+	.	\+	2028,2130	.	2	HiPlex_Set1_SMAPdesign_allAmplicons
AT3G48260	2637	2731	AT3G48260:2638-2731_+	.	\+	2638,2731	.	2	HiPlex_Set1_SMAPdesign_allAmplicons
AT3G48260	2622	2694	AT3G48260:2623-2694_+	.	\+	2623,2694	.	2	HiPlex_Set1_SMAPdesign_allAmplicons
AT3G48260	2687	2788	AT3G48260:2688-2788_+	.	\+	2688,2788	.	2	HiPlex_Set1_SMAPdesign_allAmplicons
AT3G48260	1911	2000	AT3G48260:1912-2000_+	.	\+	1912,2000	.	2	HiPlex_Set1_SMAPdesign_allAmplicons
AT3G48260	2585	2661	AT3G48260:2586-2661_+	.	\+	2586,2661	.	2	HiPlex_Set1_SMAPdesign_allAmplicons
AT3G48260	2630	2701	AT3G48260:2631-2701_+	.	\+	2631,2701	.	2	HiPlex_Set1_SMAPdesign_allAmplicons
AT3G48260	2493	2568	AT3G48260:2494-2568_+	.	\+	2494,2568	.	2	HiPlex_Set1_SMAPdesign_allAmplicons
AT3G48260	2257	2330	AT3G48260:2258-2330_+	.	\+	2258,2330	.	2	HiPlex_Set1_SMAPdesign_allAmplicons
AT3G48260	1688	1777	AT3G48260:1689-1777_+	.	\+	1689,1777	.	2	HiPlex_Set1_SMAPdesign_allAmplicons
AT3G48260	1807	1907	AT3G48260:1808-1907_+	.	\+	1808,1907	.	2	HiPlex_Set1_SMAPdesign_allAmplicons
AT3G51630	2457	2539	AT3G51630:2458-2539_+	.	\+	2458,2539	.	2	HiPlex_Set1_SMAPdesign_allAmplicons
AT3G51630	2396	2485	AT3G51630:2397-2485_+	.	\+	2397,2485	.	2	HiPlex_Set1_SMAPdesign_allAmplicons
AT3G51630	2366	2473	AT3G51630:2367-2473_+	.	\+	2367,2473	.	2	HiPlex_Set1_SMAPdesign_allAmplicons
AT3G51630	2935	3022	AT3G51630:2936-3022_+	.	\+	2936,3022	.	2	HiPlex_Set1_SMAPdesign_allAmplicons
AT3G51630	3041	3137	AT3G51630:3042-3137_+	.	\+	3042,3137	.	2	HiPlex_Set1_SMAPdesign_allAmplicons
AT3G51630	2472	2554	AT3G51630:2473-2554_+	.	\+	2473,2554	.	2	HiPlex_Set1_SMAPdesign_allAmplicons
AT3G51630	2355	2435	AT3G51630:2356-2435_+	.	\+	2356,2435	.	2	HiPlex_Set1_SMAPdesign_allAmplicons
AT3G51630	3093	3182	AT3G51630:3094-3182_+	.	\+	3094,3182	.	2	HiPlex_Set1_SMAPdesign_allAmplicons
AT3G51630	2488	2572	AT3G51630:2489-2572_+	.	\+	2489,2572	.	2	HiPlex_Set1_SMAPdesign_allAmplicons
AT3G51630	2921	3017	AT3G51630:2922-3017_+	.	\+	2922,3017	.	2	HiPlex_Set1_SMAPdesign_allAmplicons
AT3G51630	3079	3160	AT3G51630:3080-3160_+	.	\+	3080,3160	.	2	HiPlex_Set1_SMAPdesign_allAmplicons
AT3G51630	2371	2468	AT3G51630:2372-2468_+	.	\+	2372,2468	.	2	HiPlex_Set1_SMAPdesign_allAmplicons
AT3G51630	1846	1926	AT3G51630:1847-1926_+	.	\+	1847,1926	.	2	HiPlex_Set1_SMAPdesign_allAmplicons
AT3G51630	2408	2516	AT3G51630:2409-2516_+	.	\+	2409,2516	.	2	HiPlex_Set1_SMAPdesign_allAmplicons
AT3G51630	3098	3188	AT3G51630:3099-3188_+	.	\+	3099,3188	.	2	HiPlex_Set1_SMAPdesign_allAmplicons
AT3G51630	2536	2625	AT3G51630:2537-2625_+	.	\+	2537,2625	.	2	HiPlex_Set1_SMAPdesign_allAmplicons
AT3G51630	2481	2562	AT3G51630:2482-2562_+	.	\+	2482,2562	.	2	HiPlex_Set1_SMAPdesign_allAmplicons
AT3G51630	3046	3132	AT3G51630:3047-3132_+	.	\+	3047,3132	.	2	HiPlex_Set1_SMAPdesign_allAmplicons
AT3G51630	3001	3094	AT3G51630:3002-3094_+	.	\+	3002,3094	.	2	HiPlex_Set1_SMAPdesign_allAmplicons
AT3G51630	3074	3152	AT3G51630:3075-3152_+	.	\+	3075,3152	.	2	HiPlex_Set1_SMAPdesign_allAmplicons
AT3G51630	3013	3102	AT3G51630:3014-3102_+	.	\+	3014,3102	.	2	HiPlex_Set1_SMAPdesign_allAmplicons
AT3G51630	1852	1932	AT3G51630:1853-1932_+	.	\+	1853,1932	.	2	HiPlex_Set1_SMAPdesign_allAmplicons
AT3G51630	2447	2549	AT3G51630:2448-2549_+	.	\+	2448,2549	.	2	HiPlex_Set1_SMAPdesign_allAmplicons
AT3G51630	2559	2659	AT3G51630:2560-2659_+	.	\+	2560,2659	.	2	HiPlex_Set1_SMAPdesign_allAmplicons
AT3G51630	1879	1985	AT3G51630:1880-1985_+	.	\+	1880,1985	.	2	HiPlex_Set1_SMAPdesign_allAmplicons
AT3G51630	2361	2444	AT3G51630:2362-2444_+	.	\+	2362,2444	.	2	HiPlex_Set1_SMAPdesign_allAmplicons
AT3G51630	3160	3243	AT3G51630:3161-3243_+	.	\+	3161,3243	.	2	HiPlex_Set1_SMAPdesign_allAmplicons
AT3G51630	1857	1959	AT3G51630:1858-1959_+	.	\+	1858,1959	.	2	HiPlex_Set1_SMAPdesign_allAmplicons
AT3G51630	2549	2630	AT3G51630:2550-2630_+	.	\+	2550,2630	.	2	HiPlex_Set1_SMAPdesign_allAmplicons
AT3G51630	3022	3127	AT3G51630:3023-3127_+	.	\+	3023,3127	.	2	HiPlex_Set1_SMAPdesign_allAmplicons
AT3G51630	2589	2698	AT3G51630:2590-2698_+	.	\+	2590,2698	.	2	HiPlex_Set1_SMAPdesign_allAmplicons
AT3G51630	2984	3073	AT3G51630:2985-3073_+	.	\+	2985,3073	.	2	HiPlex_Set1_SMAPdesign_allAmplicons
AT3G51630	2452	2544	AT3G51630:2453-2544_+	.	\+	2453,2544	.	2	HiPlex_Set1_SMAPdesign_allAmplicons
AT3G51630	2435	2528	AT3G51630:2436-2528_+	.	\+	2436,2528	.	2	HiPlex_Set1_SMAPdesign_allAmplicons
AT3G51630	2403	2510	AT3G51630:2404-2510_+	.	\+	2404,2510	.	2	HiPlex_Set1_SMAPdesign_allAmplicons
AT3G51630	2391	2497	AT3G51630:2392-2497_+	.	\+	2392,2497	.	2	HiPlex_Set1_SMAPdesign_allAmplicons
AT3G51630	3036	3144	AT3G51630:3037-3144_+	.	\+	3037,3144	.	2	HiPlex_Set1_SMAPdesign_allAmplicons
AT3G51630	2958	3059	AT3G51630:2959-3059_+	.	\+	2959,3059	.	2	HiPlex_Set1_SMAPdesign_allAmplicons
AT3G51630	2090	2186	AT3G51630:2091-2186_+	.	\+	2091,2186	.	2	HiPlex_Set1_SMAPdesign_allAmplicons
AT3G51630	2996	3088	AT3G51630:2997-3088_+	.	\+	2997,3088	.	2	HiPlex_Set1_SMAPdesign_allAmplicons
AT3G51630	3168	3252	AT3G51630:3169-3252_+	.	\+	3169,3252	.	2	HiPlex_Set1_SMAPdesign_allAmplicons
AT3G51630	2097	2179	AT3G51630:2098-2179_+	.	\+	2098,2179	.	2	HiPlex_Set1_SMAPdesign_allAmplicons
AT3G51630	2989	3078	AT3G51630:2990-3078_+	.	\+	2990,3078	.	2	HiPlex_Set1_SMAPdesign_allAmplicons
AT3G51630	2926	3027	AT3G51630:2927-3027_+	.	\+	2927,3027	.	2	HiPlex_Set1_SMAPdesign_allAmplicons
AT3G51630	3145	3234	AT3G51630:3146-3234_+	.	\+	3146,3234	.	2	HiPlex_Set1_SMAPdesign_allAmplicons
AT3G51630	2571	2653	AT3G51630:2572-2653_+	.	\+	2572,2653	.	2	HiPlex_Set1_SMAPdesign_allAmplicons
AT3G51630	3031	3122	AT3G51630:3032-3122_+	.	\+	3032,3122	.	2	HiPlex_Set1_SMAPdesign_allAmplicons
AT3G51630	1758	1837	AT3G51630:1759-1837_+	.	\+	1759,1837	.	2	HiPlex_Set1_SMAPdesign_allAmplicons
AT3G51630	2108	2216	AT3G51630:2109-2216_+	.	\+	2109,2216	.	2	HiPlex_Set1_SMAPdesign_allAmplicons
AT3G51630	2376	2480	AT3G51630:2377-2480_+	.	\+	2377,2480	.	2	HiPlex_Set1_SMAPdesign_allAmplicons
AT3G51630	2518	2617	AT3G51630:2519-2617_+	.	\+	2519,2617	.	2	HiPlex_Set1_SMAPdesign_allAmplicons
AT3G51630	1720	1829	AT3G51630:1721-1829_+	.	\+	1721,1829	.	2	HiPlex_Set1_SMAPdesign_allAmplicons
AT3G51630	2430	2533	AT3G51630:2431-2533_+	.	\+	2431,2533	.	2	HiPlex_Set1_SMAPdesign_allAmplicons
AT3G51630	2603	2706	AT3G51630:2604-2706_+	.	\+	2604,2706	.	2	HiPlex_Set1_SMAPdesign_allAmplicons
AT3G51630	1779	1857	AT3G51630:1780-1857_+	.	\+	1780,1857	.	2	HiPlex_Set1_SMAPdesign_allAmplicons
AT3G51630	2348	2450	AT3G51630:2349-2450_+	.	\+	2349,2450	.	2	HiPlex_Set1_SMAPdesign_allAmplicons
AT3G51630	2566	2668	AT3G51630:2567-2668_+	.	\+	2567,2668	.	2	HiPlex_Set1_SMAPdesign_allAmplicons
AT3G51630	1862	1952	AT3G51630:1863-1952_+	.	\+	1863,1952	.	2	HiPlex_Set1_SMAPdesign_allAmplicons
AT3G51630	3106	3196	AT3G51630:3107-3196_+	.	\+	3107,3196	.	2	HiPlex_Set1_SMAPdesign_allAmplicons
AT3G51630	2967	3064	AT3G51630:2968-3064_+	.	\+	2968,3064	.	2	HiPlex_Set1_SMAPdesign_allAmplicons
AT3G51630	2442	2523	AT3G51630:2443-2523_+	.	\+	2443,2523	.	2	HiPlex_Set1_SMAPdesign_allAmplicons
AT3G51630	2594	2693	AT3G51630:2595-2693_+	.	\+	2595,2693	.	2	HiPlex_Set1_SMAPdesign_allAmplicons
AT3G51630	1951	2053	AT3G51630:1952-2053_+	.	\+	1952,2053	.	2	HiPlex_Set1_SMAPdesign_allAmplicons
AT3G51630	3127	3227	AT3G51630:3128-3227_+	.	\+	3128,3227	.	2	HiPlex_Set1_SMAPdesign_allAmplicons
AT3G51630	2422	2502	AT3G51630:2423-2502_+	.	\+	2423,2502	.	2	HiPlex_Set1_SMAPdesign_allAmplicons
AT5G28080	2644	2730	AT5G28080:2645-2730_+	.	\+	2645,2730	.	2	HiPlex_Set1_SMAPdesign_allAmplicons
AT5G28080	2302	2387	AT5G28080:2303-2387_+	.	\+	2303,2387	.	2	HiPlex_Set1_SMAPdesign_allAmplicons
AT5G28080	2383	2492	AT5G28080:2384-2492_+	.	\+	2384,2492	.	2	HiPlex_Set1_SMAPdesign_allAmplicons
AT5G28080	2289	2393	AT5G28080:2290-2393_+	.	\+	2290,2393	.	2	HiPlex_Set1_SMAPdesign_allAmplicons
AT5G28080	2512	2622	AT5G28080:2513-2622_+	.	\+	2513,2622	.	2	HiPlex_Set1_SMAPdesign_allAmplicons
AT5G28080	2266	2363	AT5G28080:2267-2363_+	.	\+	2267,2363	.	2	HiPlex_Set1_SMAPdesign_allAmplicons
AT5G28080	2658	2736	AT5G28080:2659-2736_+	.	\+	2659,2736	.	2	HiPlex_Set1_SMAPdesign_allAmplicons
AT5G28080	2631	2723	AT5G28080:2632-2723_+	.	\+	2632,2723	.	2	HiPlex_Set1_SMAPdesign_allAmplicons
AT5G28080	2295	2380	AT5G28080:2296-2380_+	.	\+	2296,2380	.	2	HiPlex_Set1_SMAPdesign_allAmplicons
AT5G28080	2401	2484	AT5G28080:2402-2484_+	.	\+	2402,2484	.	2	HiPlex_Set1_SMAPdesign_allAmplicons
AT5G28080	2519	2627	AT5G28080:2520-2627_+	.	\+	2520,2627	.	2	HiPlex_Set1_SMAPdesign_allAmplicons
AT5G28080	2273	2354	AT5G28080:2274-2354_+	.	\+	2274,2354	.	2	HiPlex_Set1_SMAPdesign_allAmplicons
AT5G28080	2408	2497	AT5G28080:2409-2497_+	.	\+	2409,2497	.	2	HiPlex_Set1_SMAPdesign_allAmplicons
AT5G28080	2506	2609	AT5G28080:2507-2609_+	.	\+	2507,2609	.	2	HiPlex_Set1_SMAPdesign_allAmplicons
AT5G28080	2366	2467	AT5G28080:2367-2467_+	.	\+	2367,2467	.	2	HiPlex_Set1_SMAPdesign_allAmplicons
AT5G28080	2371	2472	AT5G28080:2372-2472_+	.	\+	2372,2472	.	2	HiPlex_Set1_SMAPdesign_allAmplicons
AT5G28080	2390	2478	AT5G28080:2391-2478_+	.	\+	2391,2478	.	2	HiPlex_Set1_SMAPdesign_allAmplicons
AT5G28080	2252	2345	AT5G28080:2253-2345_+	.	\+	2253,2345	.	2	HiPlex_Set1_SMAPdesign_allAmplicons
AT5G28080	2175	2273	AT5G28080:2176-2273_+	.	\+	2176,2273	.	2	HiPlex_Set1_SMAPdesign_allAmplicons
AT5G28080	2501	2599	AT5G28080:2502-2599_+	.	\+	2502,2599	.	2	HiPlex_Set1_SMAPdesign_allAmplicons
AT5G28080	2183	2283	AT5G28080:2184-2283_+	.	\+	2184,2283	.	2	HiPlex_Set1_SMAPdesign_allAmplicons
AT5G28080	2539	2637	AT5G28080:2540-2637_+	.	\+	2540,2637	.	2	HiPlex_Set1_SMAPdesign_allAmplicons
AT5G28080	2586	2690	AT5G28080:2587-2690_+	.	\+	2587,2690	.	2	HiPlex_Set1_SMAPdesign_allAmplicons
AT5G28080	2545	2642	AT5G28080:2546-2642_+	.	\+	2546,2642	.	2	HiPlex_Set1_SMAPdesign_allAmplicons
AT5G28080	2580	2671	AT5G28080:2581-2671_+	.	\+	2581,2671	.	2	HiPlex_Set1_SMAPdesign_allAmplicons
AT5G41990	2467	2561	AT5G41990:2468-2561_+	.	\+	2468,2561	.	2	HiPlex_Set1_SMAPdesign_allAmplicons
AT5G41990	2531	2632	AT5G41990:2532-2632_+	.	\+	2532,2632	.	2	HiPlex_Set1_SMAPdesign_allAmplicons
AT5G41990	2652	2736	AT5G41990:2653-2736_+	.	\+	2653,2736	.	2	HiPlex_Set1_SMAPdesign_allAmplicons
AT5G41990	2908	3002	AT5G41990:2909-3002_+	.	\+	2909,3002	.	2	HiPlex_Set1_SMAPdesign_allAmplicons
AT5G41990	2584	2694	AT5G41990:2585-2694_+	.	\+	2585,2694	.	2	HiPlex_Set1_SMAPdesign_allAmplicons
AT5G41990	3051	3152	AT5G41990:3052-3152_+	.	\+	3052,3152	.	2	HiPlex_Set1_SMAPdesign_allAmplicons
AT5G41990	2371	2479	AT5G41990:2372-2479_+	.	\+	2372,2479	.	2	HiPlex_Set1_SMAPdesign_allAmplicons
AT5G41990	2538	2627	AT5G41990:2539-2627_+	.	\+	2539,2627	.	2	HiPlex_Set1_SMAPdesign_allAmplicons
AT5G41990	2645	2724	AT5G41990:2646-2724_+	.	\+	2646,2724	.	2	HiPlex_Set1_SMAPdesign_allAmplicons
AT5G41990	2925	3030	AT5G41990:2926-3030_+	.	\+	2926,3030	.	2	HiPlex_Set1_SMAPdesign_allAmplicons
AT5G41990	3046	3145	AT5G41990:3047-3145_+	.	\+	3047,3145	.	2	HiPlex_Set1_SMAPdesign_allAmplicons
AT5G41990	2959	3058	AT5G41990:2960-3058_+	.	\+	2960,3058	.	2	HiPlex_Set1_SMAPdesign_allAmplicons
AT5G41990	2356	2460	AT5G41990:2357-2460_+	.	\+	2357,2460	.	2	HiPlex_Set1_SMAPdesign_allAmplicons
AT5G41990	3005	3097	AT5G41990:3006-3097_+	.	\+	3006,3097	.	2	HiPlex_Set1_SMAPdesign_allAmplicons
AT5G41990	2402	2502	AT5G41990:2403-2502_+	.	\+	2403,2502	.	2	HiPlex_Set1_SMAPdesign_allAmplicons
AT5G41990	2605	2710	AT5G41990:2606-2710_+	.	\+	2606,2710	.	2	HiPlex_Set1_SMAPdesign_allAmplicons
AT5G41990	2515	2621	AT5G41990:2516-2621_+	.	\+	2516,2621	.	2	HiPlex_Set1_SMAPdesign_allAmplicons
AT5G41990	2920	3025	AT5G41990:2921-3025_+	.	\+	2921,3025	.	2	HiPlex_Set1_SMAPdesign_allAmplicons
AT5G41990	2579	2687	AT5G41990:2580-2687_+	.	\+	2580,2687	.	2	HiPlex_Set1_SMAPdesign_allAmplicons
AT5G41990	3069	3166	AT5G41990:3070-3166_+	.	\+	3070,3166	.	2	HiPlex_Set1_SMAPdesign_allAmplicons
AT5G41990	2639	2741	AT5G41990:2640-2741_+	.	\+	2640,2741	.	2	HiPlex_Set1_SMAPdesign_allAmplicons
AT5G41990	2366	2467	AT5G41990:2367-2467_+	.	\+	2367,2467	.	2	HiPlex_Set1_SMAPdesign_allAmplicons
AT5G41990	2478	2575	AT5G41990:2479-2575_+	.	\+	2479,2575	.	2	HiPlex_Set1_SMAPdesign_allAmplicons
AT5G41990	2543	2647	AT5G41990:2544-2647_+	.	\+	2544,2647	.	2	HiPlex_Set1_SMAPdesign_allAmplicons
AT5G41990	2610	2716	AT5G41990:2611-2716_+	.	\+	2611,2716	.	2	HiPlex_Set1_SMAPdesign_allAmplicons
AT5G41990	2884	2985	AT5G41990:2885-2985_+	.	\+	2885,2985	.	2	HiPlex_Set1_SMAPdesign_allAmplicons
AT5G41990	2952	3053	AT5G41990:2953-3053_+	.	\+	2953,3053	.	2	HiPlex_Set1_SMAPdesign_allAmplicons
AT5G41990	2889	2991	AT5G41990:2890-2991_+	.	\+	2890,2991	.	2	HiPlex_Set1_SMAPdesign_allAmplicons
AT5G41990	2809	2905	AT5G41990:2810-2905_+	.	\+	2810,2905	.	2	HiPlex_Set1_SMAPdesign_allAmplicons
AT5G41990	2840	2939	AT5G41990:2841-2939_+	.	\+	2841,2939	.	2	HiPlex_Set1_SMAPdesign_allAmplicons
AT5G41990	1973	2075	AT5G41990:1974-2075_+	.	\+	1974,2075	.	2	HiPlex_Set1_SMAPdesign_allAmplicons
AT5G41990	3035	3140	AT5G41990:3036-3140_+	.	\+	3036,3140	.	2	HiPlex_Set1_SMAPdesign_allAmplicons
AT5G41990	2670	2752	AT5G41990:2671-2752_+	.	\+	2671,2752	.	2	HiPlex_Set1_SMAPdesign_allAmplicons
AT5G41990	2596	2682	AT5G41990:2597-2682_+	.	\+	2597,2682	.	2	HiPlex_Set1_SMAPdesign_allAmplicons
AT5G41990	2944	3020	AT5G41990:2945-3020_+	.	\+	2945,3020	.	2	HiPlex_Set1_SMAPdesign_allAmplicons
AT5G41990	2815	2900	AT5G41990:2816-2900_+	.	\+	2816,2900	.	2	HiPlex_Set1_SMAPdesign_allAmplicons
AT5G41990	2849	2934	AT5G41990:2850-2934_+	.	\+	2850,2934	.	2	HiPlex_Set1_SMAPdesign_allAmplicons
AT5G41990	2993	3067	AT5G41990:2994-3067_+	.	\+	2994,3067	.	2	HiPlex_Set1_SMAPdesign_allAmplicons
AT5G41990	2634	2731	AT5G41990:2635-2731_+	.	\+	2635,2731	.	2	HiPlex_Set1_SMAPdesign_allAmplicons
AT5G41990	1850	1954	AT5G41990:1851-1954_+	.	\+	1851,1954	.	2	HiPlex_Set1_SMAPdesign_allAmplicons
AT5G41990	2855	2929	AT5G41990:2856-2929_+	.	\+	2856,2929	.	2	HiPlex_Set1_SMAPdesign_allAmplicons
AT5G41990	2574	2659	AT5G41990:2575-2659_+	.	\+	2575,2659	.	2	HiPlex_Set1_SMAPdesign_allAmplicons
AT5G41990	2682	2782	AT5G41990:2683-2782_+	.	\+	2683,2782	.	2	HiPlex_Set1_SMAPdesign_allAmplicons
AT5G41990	2351	2446	AT5G41990:2352-2446_+	.	\+	2352,2446	.	2	HiPlex_Set1_SMAPdesign_allAmplicons
AT5G41990	3000	3074	AT5G41990:3001-3074_+	.	\+	3001,3074	.	2	HiPlex_Set1_SMAPdesign_allAmplicons
AT5G41990	2877	2979	AT5G41990:2878-2979_+	.	\+	2878,2979	.	2	HiPlex_Set1_SMAPdesign_allAmplicons
AT5G55560	1520	1619	AT5G55560:1521-1619_+	.	\+	1521,1619	.	2	HiPlex_Set1_SMAPdesign_allAmplicons
AT5G55560	1237	1324	AT5G55560:1238-1324_+	.	\+	1238,1324	.	2	HiPlex_Set1_SMAPdesign_allAmplicons
AT5G55560	1226	1316	AT5G55560:1227-1316_+	.	\+	1227,1316	.	2	HiPlex_Set1_SMAPdesign_allAmplicons
AT5G55560	1102	1204	AT5G55560:1103-1204_+	.	\+	1103,1204	.	2	HiPlex_Set1_SMAPdesign_allAmplicons
AT5G55560	1557	1664	AT5G55560:1558-1664_+	.	\+	1558,1664	.	2	HiPlex_Set1_SMAPdesign_allAmplicons
AT5G55560	1684	1776	AT5G55560:1685-1776_+	.	\+	1685,1776	.	2	HiPlex_Set1_SMAPdesign_allAmplicons
AT5G55560	1121	1222	AT5G55560:1122-1222_+	.	\+	1122,1222	.	2	HiPlex_Set1_SMAPdesign_allAmplicons
AT5G55560	1676	1783	AT5G55560:1677-1783_+	.	\+	1677,1783	.	2	HiPlex_Set1_SMAPdesign_allAmplicons
AT5G55560	1549	1629	AT5G55560:1550-1629_+	.	\+	1550,1629	.	2	HiPlex_Set1_SMAPdesign_allAmplicons
AT5G55560	1261	1370	AT5G55560:1262-1370_+	.	\+	1262,1370	.	2	HiPlex_Set1_SMAPdesign_allAmplicons
AT5G55560	1131	1239	AT5G55560:1132-1239_+	.	\+	1132,1239	.	2	HiPlex_Set1_SMAPdesign_allAmplicons
AT5G55560	1243	1329	AT5G55560:1244-1329_+	.	\+	1244,1329	.	2	HiPlex_Set1_SMAPdesign_allAmplicons
AT5G55560	1273	1380	AT5G55560:1274-1380_+	.	\+	1274,1380	.	2	HiPlex_Set1_SMAPdesign_allAmplicons
AT5G55560	1126	1230	AT5G55560:1127-1230_+	.	\+	1127,1230	.	2	HiPlex_Set1_SMAPdesign_allAmplicons
AT5G55560	1344	1425	AT5G55560:1345-1425_+	.	\+	1345,1425	.	2	HiPlex_Set1_SMAPdesign_allAmplicons
AT5G55560	1445	1537	AT5G55560:1446-1537_+	.	\+	1446,1537	.	2	HiPlex_Set1_SMAPdesign_allAmplicons
AT5G55560	1096	1174	AT5G55560:1097-1174_+	.	\+	1097,1174	.	2	HiPlex_Set1_SMAPdesign_allAmplicons
AT5G55560	1639	1732	AT5G55560:1640-1732_+	.	\+	1640,1732	.	2	HiPlex_Set1_SMAPdesign_allAmplicons
AT5G55560	1627	1706	AT5G55560:1628-1706_+	.	\+	1628,1706	.	2	HiPlex_Set1_SMAPdesign_allAmplicons
AT5G55560	1515	1607	AT5G55560:1516-1607_+	.	\+	1516,1607	.	2	HiPlex_Set1_SMAPdesign_allAmplicons
AT5G55560	1689	1788	AT5G55560:1690-1788_+	.	\+	1690,1788	.	2	HiPlex_Set1_SMAPdesign_allAmplicons
AT5G55560	1336	1430	AT5G55560:1337-1430_+	.	\+	1337,1430	.	2	HiPlex_Set1_SMAPdesign_allAmplicons
AT5G55560	1289	1387	AT5G55560:1290-1387_+	.	\+	1290,1387	.	2	HiPlex_Set1_SMAPdesign_allAmplicons
AT5G55560	1188	1266	AT5G55560:1189-1266_+	.	\+	1189,1266	.	2	HiPlex_Set1_SMAPdesign_allAmplicons
AT5G55560	1604	1694	AT5G55560:1605-1694_+	.	\+	1605,1694	.	2	HiPlex_Set1_SMAPdesign_allAmplicons
AT5G55560	1047	1137	AT5G55560:1048-1137_+	.	\+	1048,1137	.	2	HiPlex_Set1_SMAPdesign_allAmplicons
AT5G55560	1161	1245	AT5G55560:1162-1245_+	.	\+	1162,1245	.	2	HiPlex_Set1_SMAPdesign_allAmplicons
AT5G55560	1194	1284	AT5G55560:1195-1284_+	.	\+	1195,1284	.	2	HiPlex_Set1_SMAPdesign_allAmplicons
AT5G55560	1544	1651	AT5G55560:1545-1651_+	.	\+	1545,1651	.	2	HiPlex_Set1_SMAPdesign_allAmplicons
AT5G55560	1695	1798	AT5G55560:1696-1798_+	.	\+	1696,1798	.	2	HiPlex_Set1_SMAPdesign_allAmplicons
AT5G55560	1091	1199	AT5G55560:1092-1199_+	.	\+	1092,1199	.	2	HiPlex_Set1_SMAPdesign_allAmplicons
AT5G55560	1349	1435	AT5G55560:1350-1435_+	.	\+	1350,1435	.	2	HiPlex_Set1_SMAPdesign_allAmplicons
AT5G55560	1175	1256	AT5G55560:1176-1256_+	.	\+	1176,1256	.	2	HiPlex_Set1_SMAPdesign_allAmplicons
AT5G55560	1533	1637	AT5G55560:1534-1637_+	.	\+	1534,1637	.	2	HiPlex_Set1_SMAPdesign_allAmplicons
AT5G55560	1253	1353	AT5G55560:1254-1353_+	.	\+	1254,1353	.	2	HiPlex_Set1_SMAPdesign_allAmplicons
AT5G55560	1320	1415	AT5G55560:1321-1415_+	.	\+	1321,1415	.	2	HiPlex_Set1_SMAPdesign_allAmplicons
AT5G55560	1199	1297	AT5G55560:1200-1297_+	.	\+	1200,1297	.	2	HiPlex_Set1_SMAPdesign_allAmplicons
AT5G55560	1073	1155	AT5G55560:1074-1155_+	.	\+	1074,1155	.	2	HiPlex_Set1_SMAPdesign_allAmplicons
AT5G55560	1042	1119	AT5G55560:1043-1119_+	.	\+	1043,1119	.	2	HiPlex_Set1_SMAPdesign_allAmplicons
AT5G55560	1308	1407	AT5G55560:1309-1407_+	.	\+	1309,1407	.	2	HiPlex_Set1_SMAPdesign_allAmplicons
AT5G55560	1182	1278	AT5G55560:1183-1278_+	.	\+	1183,1278	.	2	HiPlex_Set1_SMAPdesign_allAmplicons
AT5G55560	1489	1577	AT5G55560:1490-1577_+	.	\+	1490,1577	.	2	HiPlex_Set1_SMAPdesign_allAmplicons
AT5G55560	1609	1711	AT5G55560:1610-1711_+	.	\+	1610,1711	.	2	HiPlex_Set1_SMAPdesign_allAmplicons
AT5G55560	1170	1261	AT5G55560:1171-1261_+	.	\+	1171,1261	.	2	HiPlex_Set1_SMAPdesign_allAmplicons
AT5G55560	1481	1582	AT5G55560:1482-1582_+	.	\+	1482,1582	.	2	HiPlex_Set1_SMAPdesign_allAmplicons
AT5G55560	1303	1401	AT5G55560:1304-1401_+	.	\+	1304,1401	.	2	HiPlex_Set1_SMAPdesign_allAmplicons
AT5G58350	2248	2357	AT5G58350:2249-2357_+	.	\+	2249,2357	.	2	HiPlex_Set1_SMAPdesign_allAmplicons
AT5G58350	2278	2372	AT5G58350:2279-2372_+	.	\+	2279,2372	.	2	HiPlex_Set1_SMAPdesign_allAmplicons
AT5G58350	2204	2296	AT5G58350:2205-2296_+	.	\+	2205,2296	.	2	HiPlex_Set1_SMAPdesign_allAmplicons
AT5G58350	2377	2465	AT5G58350:2378-2465_+	.	\+	2378,2465	.	2	HiPlex_Set1_SMAPdesign_allAmplicons
AT5G58350	2293	2390	AT5G58350:2294-2390_+	.	\+	2294,2390	.	2	HiPlex_Set1_SMAPdesign_allAmplicons
AT5G58350	1799	1895	AT5G58350:1800-1895_+	.	\+	1800,1895	.	2	HiPlex_Set1_SMAPdesign_allAmplicons
AT5G58350	1745	1828	AT5G58350:1746-1828_+	.	\+	1746,1828	.	2	HiPlex_Set1_SMAPdesign_allAmplicons
AT5G58350	2104	2184	AT5G58350:2105-2184_+	.	\+	2105,2184	.	2	HiPlex_Set1_SMAPdesign_allAmplicons
AT5G58350	2302	2398	AT5G58350:2303-2398_+	.	\+	2303,2398	.	2	HiPlex_Set1_SMAPdesign_allAmplicons
AT5G58350	1692	1777	AT5G58350:1693-1777_+	.	\+	1693,1777	.	2	HiPlex_Set1_SMAPdesign_allAmplicons
AT5G58350	2822	2923	AT5G58350:2823-2923_+	.	\+	2823,2923	.	2	HiPlex_Set1_SMAPdesign_allAmplicons
AT5G58350	2389	2486	AT5G58350:2390-2486_+	.	\+	2390,2486	.	2	HiPlex_Set1_SMAPdesign_allAmplicons
AT5G58350	2210	2290	AT5G58350:2211-2290_+	.	\+	2211,2290	.	2	HiPlex_Set1_SMAPdesign_allAmplicons
AT5G58350	2316	2403	AT5G58350:2317-2403_+	.	\+	2317,2403	.	2	HiPlex_Set1_SMAPdesign_allAmplicons
AT5G58350	2725	2834	AT5G58350:2726-2834_+	.	\+	2726,2834	.	2	HiPlex_Set1_SMAPdesign_allAmplicons
AT5G58350	2849	2930	AT5G58350:2850-2930_+	.	\+	2850,2930	.	2	HiPlex_Set1_SMAPdesign_allAmplicons
AT5G58350	2627	2708	AT5G58350:2628-2708_+	.	\+	2628,2708	.	2	HiPlex_Set1_SMAPdesign_allAmplicons
AT5G58350	1686	1765	AT5G58350:1687-1765_+	.	\+	1687,1765	.	2	HiPlex_Set1_SMAPdesign_allAmplicons
AT5G58350	1786	1875	AT5G58350:1787-1875_+	.	\+	1787,1875	.	2	HiPlex_Set1_SMAPdesign_allAmplicons
AT5G58350	2410	2508	AT5G58350:2411-2508_+	.	\+	2411,2508	.	2	HiPlex_Set1_SMAPdesign_allAmplicons
AT5G58350	2371	2449	AT5G58350:2372-2449_+	.	\+	2372,2449	.	2	HiPlex_Set1_SMAPdesign_allAmplicons
AT5G58350	2796	2883	AT5G58350:2797-2883_+	.	\+	2797,2883	.	2	HiPlex_Set1_SMAPdesign_allAmplicons
AT5G58350	3035	3124	AT5G58350:3036-3124_+	.	\+	3036,3124	.	2	HiPlex_Set1_SMAPdesign_allAmplicons
AT5G58350	2720	2827	AT5G58350:2721-2827_+	.	\+	2721,2827	.	2	HiPlex_Set1_SMAPdesign_allAmplicons
AT5G58350	2764	2847	AT5G58350:2765-2847_+	.	\+	2765,2847	.	2	HiPlex_Set1_SMAPdesign_allAmplicons
AT5G58350	2253	2344	AT5G58350:2254-2344_+	.	\+	2254,2344	.	2	HiPlex_Set1_SMAPdesign_allAmplicons
AT5G58350	2311	2416	AT5G58350:2312-2416_+	.	\+	2312,2416	.	2	HiPlex_Set1_SMAPdesign_allAmplicons
AT5G58350	2321	2427	AT5G58350:2322-2427_+	.	\+	2322,2427	.	2	HiPlex_Set1_SMAPdesign_allAmplicons
AT5G58350	2215	2305	AT5G58350:2216-2305_+	.	\+	2216,2305	.	2	HiPlex_Set1_SMAPdesign_allAmplicons
AT5G58350	2730	2839	AT5G58350:2731-2839_+	.	\+	2731,2839	.	2	HiPlex_Set1_SMAPdesign_allAmplicons
AT5G58350	3015	3115	AT5G58350:3016-3115_+	.	\+	3016,3115	.	2	HiPlex_Set1_SMAPdesign_allAmplicons
AT5G58350	2813	2889	AT5G58350:2814-2889_+	.	\+	2814,2889	.	2	HiPlex_Set1_SMAPdesign_allAmplicons
AT5G58350	2480	2562	AT5G58350:2481-2562_+	.	\+	2481,2562	.	2	HiPlex_Set1_SMAPdesign_allAmplicons
AT5G58350	2857	2935	AT5G58350:2858-2935_+	.	\+	2858,2935	.	2	HiPlex_Set1_SMAPdesign_allAmplicons
AT5G58350	2109	2190	AT5G58350:2110-2190_+	.	\+	2110,2190	.	2	HiPlex_Set1_SMAPdesign_allAmplicons
AT5G58350	1991	2084	AT5G58350:1992-2084_+	.	\+	1992,2084	.	2	HiPlex_Set1_SMAPdesign_allAmplicons
AT5G58350	2365	2443	AT5G58350:2366-2443_+	.	\+	2366,2443	.	2	HiPlex_Set1_SMAPdesign_allAmplicons
AT5G58350	1753	1834	AT5G58350:1754-1834_+	.	\+	1754,1834	.	2	HiPlex_Set1_SMAPdesign_allAmplicons
AT5G58350	2591	2700	AT5G58350:2592-2700_+	.	\+	2592,2700	.	2	HiPlex_Set1_SMAPdesign_allAmplicons
AT5G58350	1791	1900	AT5G58350:1792-1900_+	.	\+	1792,1900	.	2	HiPlex_Set1_SMAPdesign_allAmplicons
AT5G58350	2780	2856	AT5G58350:2781-2856_+	.	\+	2781,2856	.	2	HiPlex_Set1_SMAPdesign_allAmplicons
AT5G58350	2192	2282	AT5G58350:2193-2282_+	.	\+	2193,2282	.	2	HiPlex_Set1_SMAPdesign_allAmplicons
AT5G58350	2263	2362	AT5G58350:2264-2362_+	.	\+	2264,2362	.	2	HiPlex_Set1_SMAPdesign_allAmplicons
AT5G58350	2327	2422	AT5G58350:2328-2422_+	.	\+	2328,2422	.	2	HiPlex_Set1_SMAPdesign_allAmplicons
AT5G58350	1681	1770	AT5G58350:1682-1770_+	.	\+	1682,1770	.	2	HiPlex_Set1_SMAPdesign_allAmplicons
AT5G58350	2827	2918	AT5G58350:2828-2918_+	.	\+	2828,2918	.	2	HiPlex_Set1_SMAPdesign_allAmplicons
AT5G58350	2273	2377	AT5G58350:2274-2377_+	.	\+	2274,2377	.	2	HiPlex_Set1_SMAPdesign_allAmplicons
AT5G58350	1855	1962	AT5G58350:1856-1962_+	.	\+	1856,1962	.	2	HiPlex_Set1_SMAPdesign_allAmplicons
AT5G58350	1880	1967	AT5G58350:1881-1967_+	.	\+	1881,1967	.	2	HiPlex_Set1_SMAPdesign_allAmplicons
AT5G58350	2419	2492	AT5G58350:2420-2492_+	.	\+	2420,2492	.	2	HiPlex_Set1_SMAPdesign_allAmplicons
AT5G58350	2715	2790	AT5G58350:2716-2790_+	.	\+	2716,2790	.	2	HiPlex_Set1_SMAPdesign_allAmplicons
AT5G58350	1849	1941	AT5G58350:1850-1941_+	.	\+	1850,1941	.	2	HiPlex_Set1_SMAPdesign_allAmplicons
AT5G58350	2680	2775	AT5G58350:2681-2775_+	.	\+	2681,2775	.	2	HiPlex_Set1_SMAPdesign_allAmplicons
AT5G58350	2035	2115	AT5G58350:2036-2115_+	.	\+	2036,2115	.	2	HiPlex_Set1_SMAPdesign_allAmplicons
AT5G58350	2094	2179	AT5G58350:2095-2179_+	.	\+	2095,2179	.	2	HiPlex_Set1_SMAPdesign_allAmplicons
AT5G58350	2785	2871	AT5G58350:2786-2871_+	.	\+	2786,2871	.	2	HiPlex_Set1_SMAPdesign_allAmplicons
AT5G58350	2449	2546	AT5G58350:2450-2546_+	.	\+	2450,2546	.	2	HiPlex_Set1_SMAPdesign_allAmplicons
AT5G58350	2586	2690	AT5G58350:2587-2690_+	.	\+	2587,2690	.	2	HiPlex_Set1_SMAPdesign_allAmplicons
AT5G58350	3021	3110	AT5G58350:3022-3110_+	.	\+	3022,3110	.	2	HiPlex_Set1_SMAPdesign_allAmplicons
AT5G58350	2405	2503	AT5G58350:2406-2503_+	.	\+	2406,2503	.	2	HiPlex_Set1_SMAPdesign_allAmplicons
